ResourceID,brocade.id,card,source_field,Dimension Value,Dimension Type,Dimension Measurement Unit
11daa277-63db-5c88-a710-edbfcd31196f,tg:rubhs:31_#1,e22_Dimensions,kenmerken/rubformaths.rubformathsafm,125,hoogte,millimeter
11daa277-63db-5c88-a710-edbfcd31196f,tg:rubhs:31_#1,e22_Dimensions,kenmerken/rubformaths.rubformathsafm,85,breedte,millimeter
11daa277-63db-5c88-a710-edbfcd31196f,tg:rubhs:31_#1,e22_Dimensions,kenmerken/rubformaths.rubformathsafm,7,diepte,millimeter
96054547-ed09-553f-ad51-49fb23faff12,tg:rubhs:21_#1,e22_Dimensions,kenmerken/rubformaths.rubformathsafm,112,hoogte,millimeter
96054547-ed09-553f-ad51-49fb23faff12,tg:rubhs:21_#1,e22_Dimensions,kenmerken/rubformaths.rubformathsafm,75,breedte,millimeter
96054547-ed09-553f-ad51-49fb23faff12,tg:rubhs:21_#1,e22_Dimensions,kenmerken/rubformaths.rubformathsafm,10,diepte,millimeter
a0f4505a-38d4-5c11-8119-3cea14b3b45f,tg:rubhs:88_#1,e22_Dimensions,kenmerken/rubformaths.rubformathsafm,160,hoogte,millimeter
a0f4505a-38d4-5c11-8119-3cea14b3b45f,tg:rubhs:88_#1,e22_Dimensions,kenmerken/rubformaths.rubformathsafm,100,breedte,millimeter
a0f4505a-38d4-5c11-8119-3cea14b3b45f,tg:rubhs:88_#1,e22_Dimensions,kenmerken/rubformaths.rubformathsafm,15,diepte,millimeter
828b6921-fbb4-562e-9ddc-b10d7cc0e42f,tg:rubhs:108_#1,e22_Dimensions,kenmerken/rubformaths.rubformathsafm,165,hoogte,millimeter
828b6921-fbb4-562e-9ddc-b10d7cc0e42f,tg:rubhs:108_#1,e22_Dimensions,kenmerken/rubformaths.rubformathsafm,105,breedte,millimeter
828b6921-fbb4-562e-9ddc-b10d7cc0e42f,tg:rubhs:108_#1,e22_Dimensions,kenmerken/rubformaths.rubformathsafm,10,diepte,millimeter
fe007a6b-04ef-5482-90d1-b1829050dffe,tg:rubhs:118_#1,e22_Dimensions,kenmerken/rubformaths.rubformathsafm,70,hoogte,millimeter
fe007a6b-04ef-5482-90d1-b1829050dffe,tg:rubhs:118_#1,e22_Dimensions,kenmerken/rubformaths.rubformathsafm,110,breedte,millimeter
fe007a6b-04ef-5482-90d1-b1829050dffe,tg:rubhs:118_#1,e22_Dimensions,kenmerken/rubformaths.rubformathsafm,5,diepte,millimeter
e48b6c77-a010-56a1-9b8e-d5428290e54f,tg:rubhs:53_#1,e22_Dimensions,kenmerken/rubformaths.rubformathsafm,165,hoogte,millimeter
e48b6c77-a010-56a1-9b8e-d5428290e54f,tg:rubhs:53_#1,e22_Dimensions,kenmerken/rubformaths.rubformathsafm,105,breedte,millimeter
e48b6c77-a010-56a1-9b8e-d5428290e54f,tg:rubhs:53_#1,e22_Dimensions,kenmerken/rubformaths.rubformathsafm,3,diepte,millimeter
7c1308fe-7e53-5742-ab1c-6d448ad06b28,tg:rubhs:43_#1,e22_Dimensions,kenmerken/rubformaths.rubformathsafm,120,hoogte,millimeter
7c1308fe-7e53-5742-ab1c-6d448ad06b28,tg:rubhs:43_#1,e22_Dimensions,kenmerken/rubformaths.rubformathsafm,80,breedte,millimeter
7c1308fe-7e53-5742-ab1c-6d448ad06b28,tg:rubhs:43_#1,e22_Dimensions,kenmerken/rubformaths.rubformathsafm,15,diepte,millimeter
eb2b2eff-a1cc-5b94-91ee-d50b5ffe188b,tg:rubhs:155_#1,e22_Dimensions,kenmerken/rubformaths.rubformathsafm,160,hoogte,millimeter
eb2b2eff-a1cc-5b94-91ee-d50b5ffe188b,tg:rubhs:155_#1,e22_Dimensions,kenmerken/rubformaths.rubformathsafm,105,breedte,millimeter
eb2b2eff-a1cc-5b94-91ee-d50b5ffe188b,tg:rubhs:155_#1,e22_Dimensions,kenmerken/rubformaths.rubformathsafm,10,diepte,millimeter
0fb10a17-cf61-5371-bd3b-293777ce8bfb,tg:rubhs:145_#1,e22_Dimensions,kenmerken/rubformaths.rubformathsafm,170,hoogte,millimeter
0fb10a17-cf61-5371-bd3b-293777ce8bfb,tg:rubhs:145_#1,e22_Dimensions,kenmerken/rubformaths.rubformathsafm,105,breedte,millimeter
0fb10a17-cf61-5371-bd3b-293777ce8bfb,tg:rubhs:145_#1,e22_Dimensions,kenmerken/rubformaths.rubformathsafm,12,diepte,millimeter
25733196-5b31-5b36-ab9f-19af9ee82683,tg:rubhs:137_#1,e22_Dimensions,kenmerken/rubformaths.rubformathsafm,160,hoogte,millimeter
25733196-5b31-5b36-ab9f-19af9ee82683,tg:rubhs:137_#1,e22_Dimensions,kenmerken/rubformaths.rubformathsafm,100,breedte,millimeter
25733196-5b31-5b36-ab9f-19af9ee82683,tg:rubhs:137_#1,e22_Dimensions,kenmerken/rubformaths.rubformathsafm,17,diepte,millimeter
43c986f8-d80c-5f44-a328-559e4cef7685,tg:rubhs:127_#1,e22_Dimensions,kenmerken/rubformaths.rubformathsafm,70,hoogte,millimeter
43c986f8-d80c-5f44-a328-559e4cef7685,tg:rubhs:127_#1,e22_Dimensions,kenmerken/rubformaths.rubformathsafm,110,breedte,millimeter
43c986f8-d80c-5f44-a328-559e4cef7685,tg:rubhs:127_#1,e22_Dimensions,kenmerken/rubformaths.rubformathsafm,5,diepte,millimeter
ec28be6f-b5ea-5bcc-8a48-4416d1113d55,tg:rubhs:111_#1,e22_Dimensions,kenmerken/rubformaths.rubformathsafm,165,hoogte,millimeter
ec28be6f-b5ea-5bcc-8a48-4416d1113d55,tg:rubhs:111_#1,e22_Dimensions,kenmerken/rubformaths.rubformathsafm,105,breedte,millimeter
ec28be6f-b5ea-5bcc-8a48-4416d1113d55,tg:rubhs:111_#1,e22_Dimensions,kenmerken/rubformaths.rubformathsafm,10,diepte,millimeter
5e31abf8-699a-56c1-b981-07e42fb5f0b2,tg:rubhs:101_#1,e22_Dimensions,kenmerken/rubformaths.rubformathsafm,170,hoogte,millimeter
5e31abf8-699a-56c1-b981-07e42fb5f0b2,tg:rubhs:101_#1,e22_Dimensions,kenmerken/rubformaths.rubformathsafm,105,breedte,millimeter
5e31abf8-699a-56c1-b981-07e42fb5f0b2,tg:rubhs:101_#1,e22_Dimensions,kenmerken/rubformaths.rubformathsafm,10,diepte,millimeter
ac97416f-0ede-52e6-95aa-bd18f3fbe6d2,tg:rubhs:28_#1,e22_Dimensions,kenmerken/rubformaths.rubformathsafm,105,hoogte,millimeter
ac97416f-0ede-52e6-95aa-bd18f3fbe6d2,tg:rubhs:28_#1,e22_Dimensions,kenmerken/rubformaths.rubformathsafm,67,breedte,millimeter
ac97416f-0ede-52e6-95aa-bd18f3fbe6d2,tg:rubhs:28_#1,e22_Dimensions,kenmerken/rubformaths.rubformathsafm,13,diepte,millimeter
f54b46cc-554a-59a8-9e15-fa50f84521b2,tg:rubhs:38_#1,e22_Dimensions,kenmerken/rubformaths.rubformathsafm,125,hoogte,millimeter
f54b46cc-554a-59a8-9e15-fa50f84521b2,tg:rubhs:38_#1,e22_Dimensions,kenmerken/rubformaths.rubformathsafm,82,breedte,millimeter
f54b46cc-554a-59a8-9e15-fa50f84521b2,tg:rubhs:38_#1,e22_Dimensions,kenmerken/rubformaths.rubformathsafm,10,diepte,millimeter
9e6ee0da-05ee-5e45-a6bf-8e067ae99ed3,tg:rubhs:173_#1,e22_Dimensions,kenmerken/rubformaths.rubformathsafm,170,hoogte,millimeter
9e6ee0da-05ee-5e45-a6bf-8e067ae99ed3,tg:rubhs:173_#1,e22_Dimensions,kenmerken/rubformaths.rubformathsafm,110,breedte,millimeter
9e6ee0da-05ee-5e45-a6bf-8e067ae99ed3,tg:rubhs:173_#1,e22_Dimensions,kenmerken/rubformaths.rubformathsafm,15,diepte,millimeter
a4d9f9f7-197b-5e3d-a551-e8623aa645ed,tg:rubhs:163_#1,e22_Dimensions,kenmerken/rubformaths.rubformathsafm,125,hoogte,millimeter
a4d9f9f7-197b-5e3d-a551-e8623aa645ed,tg:rubhs:163_#1,e22_Dimensions,kenmerken/rubformaths.rubformathsafm,85,breedte,millimeter
a4d9f9f7-197b-5e3d-a551-e8623aa645ed,tg:rubhs:163_#1,e22_Dimensions,kenmerken/rubformaths.rubformathsafm,5,diepte,millimeter
700c5c2c-3825-5234-85a2-79af10c728e3,tg:rubhs:91_#1,e22_Dimensions,kenmerken/rubformaths.rubformathsafm,175,hoogte,millimeter
700c5c2c-3825-5234-85a2-79af10c728e3,tg:rubhs:91_#1,e22_Dimensions,kenmerken/rubformaths.rubformathsafm,110,breedte,millimeter
700c5c2c-3825-5234-85a2-79af10c728e3,tg:rubhs:91_#1,e22_Dimensions,kenmerken/rubformaths.rubformathsafm,12,diepte,millimeter
d8c011d2-a6a2-566b-8ef4-032942ed15a8,tg:rubhs:81_#1,e22_Dimensions,kenmerken/rubformaths.rubformathsafm,165,hoogte,millimeter
d8c011d2-a6a2-566b-8ef4-032942ed15a8,tg:rubhs:81_#1,e22_Dimensions,kenmerken/rubformaths.rubformathsafm,105,breedte,millimeter
d8c011d2-a6a2-566b-8ef4-032942ed15a8,tg:rubhs:81_#1,e22_Dimensions,kenmerken/rubformaths.rubformathsafm,10,diepte,millimeter
b26adc0c-a5bc-5319-9290-dd8d4aa6deac,tg:rubhs:215_#1,e22_Dimensions,kenmerken/rubformaths.rubformathsafm,190,hoogte,millimeter
b26adc0c-a5bc-5319-9290-dd8d4aa6deac,tg:rubhs:215_#1,e22_Dimensions,kenmerken/rubformaths.rubformathsafm,130,breedte,millimeter
b26adc0c-a5bc-5319-9290-dd8d4aa6deac,tg:rubhs:215_#1,e22_Dimensions,kenmerken/rubformaths.rubformathsafm,8,diepte,millimeter
9c0d5d14-2e20-5c1d-a322-e7337e4307c0,tg:rubhs:205_#1,e22_Dimensions,kenmerken/rubformaths.rubformathsafm,210,hoogte,millimeter
9c0d5d14-2e20-5c1d-a322-e7337e4307c0,tg:rubhs:205_#1,e22_Dimensions,kenmerken/rubformaths.rubformathsafm,165,breedte,millimeter
9c0d5d14-2e20-5c1d-a322-e7337e4307c0,tg:rubhs:205_#1,e22_Dimensions,kenmerken/rubformaths.rubformathsafm,12,diepte,millimeter
b541f3f7-0ade-5d72-820c-7123d84daa6e,tg:rubhs:75_#1,e22_Dimensions,kenmerken/rubformaths.rubformathsafm,165,hoogte,millimeter
b541f3f7-0ade-5d72-820c-7123d84daa6e,tg:rubhs:75_#1,e22_Dimensions,kenmerken/rubformaths.rubformathsafm,110,breedte,millimeter
b541f3f7-0ade-5d72-820c-7123d84daa6e,tg:rubhs:75_#1,e22_Dimensions,kenmerken/rubformaths.rubformathsafm,15,diepte,millimeter
91b7564b-e48c-5703-abd9-245cc4fb06b9,tg:rubhs:65_#1,e22_Dimensions,kenmerken/rubformaths.rubformathsafm,165,hoogte,millimeter
91b7564b-e48c-5703-abd9-245cc4fb06b9,tg:rubhs:65_#1,e22_Dimensions,kenmerken/rubformaths.rubformathsafm,105,breedte,millimeter
91b7564b-e48c-5703-abd9-245cc4fb06b9,tg:rubhs:65_#1,e22_Dimensions,kenmerken/rubformaths.rubformathsafm,6,diepte,millimeter
340304d0-5584-5bb1-8d3e-1fa98c47c4aa,tg:rubhs:197_#1,e22_Dimensions,kenmerken/rubformaths.rubformathsafm,210,hoogte,millimeter
340304d0-5584-5bb1-8d3e-1fa98c47c4aa,tg:rubhs:197_#1,e22_Dimensions,kenmerken/rubformaths.rubformathsafm,170,breedte,millimeter
340304d0-5584-5bb1-8d3e-1fa98c47c4aa,tg:rubhs:197_#1,e22_Dimensions,kenmerken/rubformaths.rubformathsafm,10,diepte,millimeter
2656fe26-04e8-52b3-8f88-cfec5c5ee06d,tg:rubhs:187_#1,e22_Dimensions,kenmerken/rubformaths.rubformathsafm,250,hoogte,millimeter
2656fe26-04e8-52b3-8f88-cfec5c5ee06d,tg:rubhs:187_#1,e22_Dimensions,kenmerken/rubformaths.rubformathsafm,190,breedte,millimeter
2656fe26-04e8-52b3-8f88-cfec5c5ee06d,tg:rubhs:187_#1,e22_Dimensions,kenmerken/rubformaths.rubformathsafm,30,diepte,millimeter
c93125de-0eed-504f-8f99-7e0e64468078,tg:rubhs:17_#1,e22_Dimensions,kenmerken/rubformaths.rubformathsafm,125,hoogte,millimeter
c93125de-0eed-504f-8f99-7e0e64468078,tg:rubhs:17_#1,e22_Dimensions,kenmerken/rubformaths.rubformathsafm,85,breedte,millimeter
c93125de-0eed-504f-8f99-7e0e64468078,tg:rubhs:17_#1,e22_Dimensions,kenmerken/rubformaths.rubformathsafm,7,diepte,millimeter
762a80ad-4519-5272-b062-fa1d41dc0a4f,tg:rubhs:100_#1,e22_Dimensions,kenmerken/rubformaths.rubformathsafm,170,hoogte,millimeter
762a80ad-4519-5272-b062-fa1d41dc0a4f,tg:rubhs:100_#1,e22_Dimensions,kenmerken/rubformaths.rubformathsafm,105,breedte,millimeter
762a80ad-4519-5272-b062-fa1d41dc0a4f,tg:rubhs:100_#1,e22_Dimensions,kenmerken/rubformaths.rubformathsafm,10,diepte,millimeter
1a6545a8-3afa-5321-8da9-5eff10f14cfb,tg:rubhs:110_#1,e22_Dimensions,kenmerken/rubformaths.rubformathsafm,160,hoogte,millimeter
1a6545a8-3afa-5321-8da9-5eff10f14cfb,tg:rubhs:110_#1,e22_Dimensions,kenmerken/rubformaths.rubformathsafm,105,breedte,millimeter
1a6545a8-3afa-5321-8da9-5eff10f14cfb,tg:rubhs:110_#1,e22_Dimensions,kenmerken/rubformaths.rubformathsafm,10,diepte,millimeter
0b772e1c-484a-5dda-b31c-262403c2b20e,tg:rubhs:162_#1,e22_Dimensions,kenmerken/rubformaths.rubformathsafm,165,hoogte,millimeter
0b772e1c-484a-5dda-b31c-262403c2b20e,tg:rubhs:162_#1,e22_Dimensions,kenmerken/rubformaths.rubformathsafm,100,breedte,millimeter
0b772e1c-484a-5dda-b31c-262403c2b20e,tg:rubhs:162_#1,e22_Dimensions,kenmerken/rubformaths.rubformathsafm,5,diepte,millimeter
e5c8217e-9356-5185-8cfc-069b74be70e4,tg:rubhs:172_#1,e22_Dimensions,kenmerken/rubformaths.rubformathsafm,165,hoogte,millimeter
e5c8217e-9356-5185-8cfc-069b74be70e4,tg:rubhs:172_#1,e22_Dimensions,kenmerken/rubformaths.rubformathsafm,105,breedte,millimeter
e5c8217e-9356-5185-8cfc-069b74be70e4,tg:rubhs:172_#1,e22_Dimensions,kenmerken/rubformaths.rubformathsafm,7,diepte,millimeter
26188ae4-256d-591a-aa6c-01ee759ff9a8,tg:rubhs:204_#1,e22_Dimensions,kenmerken/rubformaths.rubformathsafm,218,hoogte,millimeter
26188ae4-256d-591a-aa6c-01ee759ff9a8,tg:rubhs:204_#1,e22_Dimensions,kenmerken/rubformaths.rubformathsafm,175,breedte,millimeter
26188ae4-256d-591a-aa6c-01ee759ff9a8,tg:rubhs:204_#1,e22_Dimensions,kenmerken/rubformaths.rubformathsafm,5,diepte,millimeter
bb60850f-efe0-501c-8c5f-a98d65905e84,tg:rubhs:214_#1,e22_Dimensions,kenmerken/rubformaths.rubformathsafm,115,hoogte,millimeter
bb60850f-efe0-501c-8c5f-a98d65905e84,tg:rubhs:214_#1,e22_Dimensions,kenmerken/rubformaths.rubformathsafm,75,breedte,millimeter
bb60850f-efe0-501c-8c5f-a98d65905e84,tg:rubhs:214_#1,e22_Dimensions,kenmerken/rubformaths.rubformathsafm,8,diepte,millimeter
9c7106c9-6779-5eed-b3df-9ec4d881a1c3,tg:rubhs:80_#1,e22_Dimensions,kenmerken/rubformaths.rubformathsafm,160,hoogte,millimeter
9c7106c9-6779-5eed-b3df-9ec4d881a1c3,tg:rubhs:80_#1,e22_Dimensions,kenmerken/rubformaths.rubformathsafm,100,breedte,millimeter
9c7106c9-6779-5eed-b3df-9ec4d881a1c3,tg:rubhs:80_#1,e22_Dimensions,kenmerken/rubformaths.rubformathsafm,20,diepte,millimeter
56e18546-39d9-5b4d-b849-41a38cd50e4b,tg:rubhs:90_#1,e22_Dimensions,kenmerken/rubformaths.rubformathsafm,170,hoogte,millimeter
56e18546-39d9-5b4d-b849-41a38cd50e4b,tg:rubhs:90_#1,e22_Dimensions,kenmerken/rubformaths.rubformathsafm,105,breedte,millimeter
56e18546-39d9-5b4d-b849-41a38cd50e4b,tg:rubhs:90_#1,e22_Dimensions,kenmerken/rubformaths.rubformathsafm,15,diepte,millimeter
d000db93-3296-50d4-876f-452212959e29,tg:rubhs:39_#1,e22_Dimensions,kenmerken/rubformaths.rubformathsafm,125,hoogte,millimeter
d000db93-3296-50d4-876f-452212959e29,tg:rubhs:39_#1,e22_Dimensions,kenmerken/rubformaths.rubformathsafm,79,breedte,millimeter
d000db93-3296-50d4-876f-452212959e29,tg:rubhs:39_#1,e22_Dimensions,kenmerken/rubformaths.rubformathsafm,17,diepte,millimeter
41569fb0-7b3c-5bc9-b228-045e06e18d76,tg:rubhs:29_#1,e22_Dimensions,kenmerken/rubformaths.rubformathsafm,125,hoogte,millimeter
41569fb0-7b3c-5bc9-b228-045e06e18d76,tg:rubhs:29_#1,e22_Dimensions,kenmerken/rubformaths.rubformathsafm,86,breedte,millimeter
41569fb0-7b3c-5bc9-b228-045e06e18d76,tg:rubhs:29_#1,e22_Dimensions,kenmerken/rubformaths.rubformathsafm,7,diepte,millimeter
9217b5e3-1813-5454-9f46-4015a9d42dc5,tg:rubhs:64_#1,e22_Dimensions,kenmerken/rubformaths.rubformathsafm,168,hoogte,millimeter
9217b5e3-1813-5454-9f46-4015a9d42dc5,tg:rubhs:64_#1,e22_Dimensions,kenmerken/rubformaths.rubformathsafm,103,breedte,millimeter
9217b5e3-1813-5454-9f46-4015a9d42dc5,tg:rubhs:64_#1,e22_Dimensions,kenmerken/rubformaths.rubformathsafm,2,diepte,millimeter
0780e327-6208-5ff3-87fb-960d0a9a0ff2,tg:rubhs:74_#1,e22_Dimensions,kenmerken/rubformaths.rubformathsafm,160,hoogte,millimeter
0780e327-6208-5ff3-87fb-960d0a9a0ff2,tg:rubhs:74_#1,e22_Dimensions,kenmerken/rubformaths.rubformathsafm,105,breedte,millimeter
0780e327-6208-5ff3-87fb-960d0a9a0ff2,tg:rubhs:74_#1,e22_Dimensions,kenmerken/rubformaths.rubformathsafm,10,diepte,millimeter
cd8000b6-b26a-54f7-b3f4-01bde0348542,tg:rubhs:5_#1,e22_Dimensions,kenmerken/rubformaths.rubformathsafm,130,hoogte,millimeter
cd8000b6-b26a-54f7-b3f4-01bde0348542,tg:rubhs:5_#1,e22_Dimensions,kenmerken/rubformaths.rubformathsafm,87,breedte,millimeter
cd8000b6-b26a-54f7-b3f4-01bde0348542,tg:rubhs:5_#1,e22_Dimensions,kenmerken/rubformaths.rubformathsafm,5,diepte,millimeter
805919b9-d2fb-53d8-b410-a3cef0b2e95d,tg:rubhs:186_#1,e22_Dimensions,kenmerken/rubformaths.rubformathsafm,215,hoogte,millimeter
805919b9-d2fb-53d8-b410-a3cef0b2e95d,tg:rubhs:186_#1,e22_Dimensions,kenmerken/rubformaths.rubformathsafm,180,breedte,millimeter
805919b9-d2fb-53d8-b410-a3cef0b2e95d,tg:rubhs:186_#1,e22_Dimensions,kenmerken/rubformaths.rubformathsafm,20,diepte,millimeter
42fab3cd-253c-5455-82aa-61a8bbdf2f73,tg:rubhs:196_#1,e22_Dimensions,kenmerken/rubformaths.rubformathsafm,200,hoogte,millimeter
42fab3cd-253c-5455-82aa-61a8bbdf2f73,tg:rubhs:196_#1,e22_Dimensions,kenmerken/rubformaths.rubformathsafm,130,breedte,millimeter
42fab3cd-253c-5455-82aa-61a8bbdf2f73,tg:rubhs:196_#1,e22_Dimensions,kenmerken/rubformaths.rubformathsafm,13,diepte,millimeter
dbf2300b-c2f3-5820-8a2e-bc0be3e71817,tg:rubhs:16_#1,e22_Dimensions,kenmerken/rubformaths.rubformathsafm,128,hoogte,millimeter
dbf2300b-c2f3-5820-8a2e-bc0be3e71817,tg:rubhs:16_#1,e22_Dimensions,kenmerken/rubformaths.rubformathsafm,85,breedte,millimeter
dbf2300b-c2f3-5820-8a2e-bc0be3e71817,tg:rubhs:16_#1,e22_Dimensions,kenmerken/rubformaths.rubformathsafm,6,diepte,millimeter
4eac3a12-7578-5445-a5e0-c30d5df9cb9c,tg:rubhs:99_#1,e22_Dimensions,kenmerken/rubformaths.rubformathsafm,170,hoogte,millimeter
4eac3a12-7578-5445-a5e0-c30d5df9cb9c,tg:rubhs:99_#1,e22_Dimensions,kenmerken/rubformaths.rubformathsafm,105,breedte,millimeter
4eac3a12-7578-5445-a5e0-c30d5df9cb9c,tg:rubhs:99_#1,e22_Dimensions,kenmerken/rubformaths.rubformathsafm,10,diepte,millimeter
60b395f0-f4d8-55a3-b5b6-2bc3605078bb,tg:rubhs:89_#1,e22_Dimensions,kenmerken/rubformaths.rubformathsafm,165,hoogte,millimeter
60b395f0-f4d8-55a3-b5b6-2bc3605078bb,tg:rubhs:89_#1,e22_Dimensions,kenmerken/rubformaths.rubformathsafm,105,breedte,millimeter
60b395f0-f4d8-55a3-b5b6-2bc3605078bb,tg:rubhs:89_#1,e22_Dimensions,kenmerken/rubformaths.rubformathsafm,12,diepte,millimeter
06bf299c-f23b-5c3d-8c4e-2bc4eb31b0fb,tg:rubhs:20_#1,e22_Dimensions,kenmerken/rubformaths.rubformathsafm,111,hoogte,millimeter
06bf299c-f23b-5c3d-8c4e-2bc4eb31b0fb,tg:rubhs:20_#1,e22_Dimensions,kenmerken/rubformaths.rubformathsafm,77,breedte,millimeter
06bf299c-f23b-5c3d-8c4e-2bc4eb31b0fb,tg:rubhs:20_#1,e22_Dimensions,kenmerken/rubformaths.rubformathsafm,9,diepte,millimeter
756560da-8965-5099-acb4-02ad4cc406fe,tg:rubhs:30_#1,e22_Dimensions,kenmerken/rubformaths.rubformathsafm,125,hoogte,millimeter
756560da-8965-5099-acb4-02ad4cc406fe,tg:rubhs:30_#1,e22_Dimensions,kenmerken/rubformaths.rubformathsafm,85,breedte,millimeter
756560da-8965-5099-acb4-02ad4cc406fe,tg:rubhs:30_#1,e22_Dimensions,kenmerken/rubformaths.rubformathsafm,7,diepte,millimeter
e0b7b257-41a6-5cdf-8770-cba7b3d91b8c,tg:rubhs:42_#1,e22_Dimensions,kenmerken/rubformaths.rubformathsafm,125,hoogte,millimeter
e0b7b257-41a6-5cdf-8770-cba7b3d91b8c,tg:rubhs:42_#1,e22_Dimensions,kenmerken/rubformaths.rubformathsafm,80,breedte,millimeter
e0b7b257-41a6-5cdf-8770-cba7b3d91b8c,tg:rubhs:42_#1,e22_Dimensions,kenmerken/rubformaths.rubformathsafm,17,diepte,millimeter
8b38268e-683b-5cac-a5ad-81e103ebe79e,tg:rubhs:52_#1,e22_Dimensions,kenmerken/rubformaths.rubformathsafm,165,hoogte,millimeter
8b38268e-683b-5cac-a5ad-81e103ebe79e,tg:rubhs:52_#1,e22_Dimensions,kenmerken/rubformaths.rubformathsafm,105,breedte,millimeter
8b38268e-683b-5cac-a5ad-81e103ebe79e,tg:rubhs:52_#1,e22_Dimensions,kenmerken/rubformaths.rubformathsafm,3,diepte,millimeter
a4a47ed7-43c9-5992-9e71-bee755f9eb0a,tg:rubhs:119_#1,e22_Dimensions,kenmerken/rubformaths.rubformathsafm,70,hoogte,millimeter
a4a47ed7-43c9-5992-9e71-bee755f9eb0a,tg:rubhs:119_#1,e22_Dimensions,kenmerken/rubformaths.rubformathsafm,110,breedte,millimeter
a4a47ed7-43c9-5992-9e71-bee755f9eb0a,tg:rubhs:119_#1,e22_Dimensions,kenmerken/rubformaths.rubformathsafm,5,diepte,millimeter
d3d6cae7-cfb3-54a2-a441-1ca92cd0e2e6,tg:rubhs:109_#1,e22_Dimensions,kenmerken/rubformaths.rubformathsafm,160,hoogte,millimeter
d3d6cae7-cfb3-54a2-a441-1ca92cd0e2e6,tg:rubhs:109_#1,e22_Dimensions,kenmerken/rubformaths.rubformathsafm,105,breedte,millimeter
d3d6cae7-cfb3-54a2-a441-1ca92cd0e2e6,tg:rubhs:109_#1,e22_Dimensions,kenmerken/rubformaths.rubformathsafm,10,diepte,millimeter
3d7b976f-b20d-5f5e-90aa-5edceaa2f1f2,tg:rubhs:144_#1,e22_Dimensions,kenmerken/rubformaths.rubformathsafm,160,hoogte,millimeter
3d7b976f-b20d-5f5e-90aa-5edceaa2f1f2,tg:rubhs:144_#1,e22_Dimensions,kenmerken/rubformaths.rubformathsafm,105,breedte,millimeter
3d7b976f-b20d-5f5e-90aa-5edceaa2f1f2,tg:rubhs:144_#1,e22_Dimensions,kenmerken/rubformaths.rubformathsafm,10,diepte,millimeter
6e945ea5-b1ba-5b65-8ff3-20e606f8d585,tg:rubhs:154_#1,e22_Dimensions,kenmerken/rubformaths.rubformathsafm,170,hoogte,millimeter
6e945ea5-b1ba-5b65-8ff3-20e606f8d585,tg:rubhs:154_#1,e22_Dimensions,kenmerken/rubformaths.rubformathsafm,100,breedte,millimeter
6e945ea5-b1ba-5b65-8ff3-20e606f8d585,tg:rubhs:154_#1,e22_Dimensions,kenmerken/rubformaths.rubformathsafm,3,diepte,millimeter
ab2b1c8a-37fb-5134-96a4-1e23b7890712,tg:rubhs:126_#1,e22_Dimensions,kenmerken/rubformaths.rubformathsafm,70,hoogte,millimeter
ab2b1c8a-37fb-5134-96a4-1e23b7890712,tg:rubhs:126_#1,e22_Dimensions,kenmerken/rubformaths.rubformathsafm,110,breedte,millimeter
ab2b1c8a-37fb-5134-96a4-1e23b7890712,tg:rubhs:126_#1,e22_Dimensions,kenmerken/rubformaths.rubformathsafm,5,diepte,millimeter
ada0fb10-6451-5f52-9784-5960b9dacea8,tg:rubhs:136_#1,e22_Dimensions,kenmerken/rubformaths.rubformathsafm,160,hoogte,millimeter
ada0fb10-6451-5f52-9784-5960b9dacea8,tg:rubhs:136_#1,e22_Dimensions,kenmerken/rubformaths.rubformathsafm,100,breedte,millimeter
ada0fb10-6451-5f52-9784-5960b9dacea8,tg:rubhs:136_#1,e22_Dimensions,kenmerken/rubformaths.rubformathsafm,20,diepte,millimeter
50156a22-632b-5770-8a14-eab4fb0c6233,tg:rubhs:92_#1,e22_Dimensions,kenmerken/rubformaths.rubformathsafm,160,hoogte,millimeter
50156a22-632b-5770-8a14-eab4fb0c6233,tg:rubhs:92_#1,e22_Dimensions,kenmerken/rubformaths.rubformathsafm,100,breedte,millimeter
50156a22-632b-5770-8a14-eab4fb0c6233,tg:rubhs:92_#1,e22_Dimensions,kenmerken/rubformaths.rubformathsafm,8,diepte,millimeter
199a4a04-99dd-5bf6-a09d-f42c8ad0b4cf,tg:rubhs:82_#1,e22_Dimensions,kenmerken/rubformaths.rubformathsafm,100,hoogte,millimeter
199a4a04-99dd-5bf6-a09d-f42c8ad0b4cf,tg:rubhs:82_#1,e22_Dimensions,kenmerken/rubformaths.rubformathsafm,155,breedte,millimeter
199a4a04-99dd-5bf6-a09d-f42c8ad0b4cf,tg:rubhs:82_#1,e22_Dimensions,kenmerken/rubformaths.rubformathsafm,6,diepte,millimeter
e8ba26a6-e980-54ea-aa0d-722472d0b018,tg:rubhs:206_#1,e22_Dimensions,kenmerken/rubformaths.rubformathsafm,205,hoogte,millimeter
e8ba26a6-e980-54ea-aa0d-722472d0b018,tg:rubhs:206_#1,e22_Dimensions,kenmerken/rubformaths.rubformathsafm,165,breedte,millimeter
e8ba26a6-e980-54ea-aa0d-722472d0b018,tg:rubhs:206_#1,e22_Dimensions,kenmerken/rubformaths.rubformathsafm,7,diepte,millimeter
37dfdcfb-91e9-5761-8332-6063e7e77068,tg:rubhs:170_#1,e22_Dimensions,kenmerken/rubformaths.rubformathsafm,165,hoogte,millimeter
37dfdcfb-91e9-5761-8332-6063e7e77068,tg:rubhs:170_#1,e22_Dimensions,kenmerken/rubformaths.rubformathsafm,105,breedte,millimeter
37dfdcfb-91e9-5761-8332-6063e7e77068,tg:rubhs:170_#1,e22_Dimensions,kenmerken/rubformaths.rubformathsafm,1,diepte,millimeter
49530f1d-5bfd-5f3d-9387-1d242d116bcb,tg:rubhs:49_#1,e22_Dimensions,kenmerken/rubformaths.rubformathsafm,100,hoogte,millimeter
49530f1d-5bfd-5f3d-9387-1d242d116bcb,tg:rubhs:49_#1,e22_Dimensions,kenmerken/rubformaths.rubformathsafm,70,breedte,millimeter
49530f1d-5bfd-5f3d-9387-1d242d116bcb,tg:rubhs:49_#1,e22_Dimensions,kenmerken/rubformaths.rubformathsafm,15,diepte,millimeter
a456ea64-60eb-5823-b7c3-fcc17917ed72,tg:rubhs:59_#1,e22_Dimensions,kenmerken/rubformaths.rubformathsafm,170,hoogte,millimeter
a456ea64-60eb-5823-b7c3-fcc17917ed72,tg:rubhs:59_#1,e22_Dimensions,kenmerken/rubformaths.rubformathsafm,105,breedte,millimeter
a456ea64-60eb-5823-b7c3-fcc17917ed72,tg:rubhs:59_#1,e22_Dimensions,kenmerken/rubformaths.rubformathsafm,5,diepte,millimeter
21e66a10-6e9c-5d38-b4d4-a049cebc79c2,tg:rubhs:112_#1,e22_Dimensions,kenmerken/rubformaths.rubformathsafm,160,hoogte,millimeter
21e66a10-6e9c-5d38-b4d4-a049cebc79c2,tg:rubhs:112_#1,e22_Dimensions,kenmerken/rubformaths.rubformathsafm,100,breedte,millimeter
21e66a10-6e9c-5d38-b4d4-a049cebc79c2,tg:rubhs:112_#1,e22_Dimensions,kenmerken/rubformaths.rubformathsafm,15,diepte,millimeter
7a42a957-8e21-5673-a615-76bfbdefdf26,tg:rubhs:102_#1,e22_Dimensions,kenmerken/rubformaths.rubformathsafm,170,hoogte,millimeter
7a42a957-8e21-5673-a615-76bfbdefdf26,tg:rubhs:102_#1,e22_Dimensions,kenmerken/rubformaths.rubformathsafm,105,breedte,millimeter
7a42a957-8e21-5673-a615-76bfbdefdf26,tg:rubhs:102_#1,e22_Dimensions,kenmerken/rubformaths.rubformathsafm,10,diepte,millimeter
2531ede1-d8b6-590e-9bdd-26451bbaa2f7,tg:rubhs:14_#1,e22_Dimensions,kenmerken/rubformaths.rubformathsafm,136,hoogte,millimeter
2531ede1-d8b6-590e-9bdd-26451bbaa2f7,tg:rubhs:14_#1,e22_Dimensions,kenmerken/rubformaths.rubformathsafm,80,breedte,millimeter
2531ede1-d8b6-590e-9bdd-26451bbaa2f7,tg:rubhs:14_#1,e22_Dimensions,kenmerken/rubformaths.rubformathsafm,20,diepte,millimeter
efef8e3c-b46a-592b-8b64-6d3a5618766c,tg:rubhs:194_#1,e22_Dimensions,kenmerken/rubformaths.rubformathsafm,210,hoogte,millimeter
efef8e3c-b46a-592b-8b64-6d3a5618766c,tg:rubhs:194_#1,e22_Dimensions,kenmerken/rubformaths.rubformathsafm,170,breedte,millimeter
efef8e3c-b46a-592b-8b64-6d3a5618766c,tg:rubhs:194_#1,e22_Dimensions,kenmerken/rubformaths.rubformathsafm,5,diepte,millimeter
a5db0acd-3e3b-56cd-be59-0fbfccc7e815,tg:rubhs:184_#1,e22_Dimensions,kenmerken/rubformaths.rubformathsafm,170,hoogte,millimeter
a5db0acd-3e3b-56cd-be59-0fbfccc7e815,tg:rubhs:184_#1,e22_Dimensions,kenmerken/rubformaths.rubformathsafm,110,breedte,millimeter
a5db0acd-3e3b-56cd-be59-0fbfccc7e815,tg:rubhs:184_#1,e22_Dimensions,kenmerken/rubformaths.rubformathsafm,20,diepte,millimeter
259f4cdc-c6be-54e1-91c5-6e9542ecb047,tg:rubhs:76_#1,e22_Dimensions,kenmerken/rubformaths.rubformathsafm,165,hoogte,millimeter
259f4cdc-c6be-54e1-91c5-6e9542ecb047,tg:rubhs:76_#1,e22_Dimensions,kenmerken/rubformaths.rubformathsafm,105,breedte,millimeter
259f4cdc-c6be-54e1-91c5-6e9542ecb047,tg:rubhs:76_#1,e22_Dimensions,kenmerken/rubformaths.rubformathsafm,10,diepte,millimeter
5defcea6-1315-54bd-b88c-a6c1350af73a,tg:rubhs:66_#1,e22_Dimensions,kenmerken/rubformaths.rubformathsafm,170,hoogte,millimeter
5defcea6-1315-54bd-b88c-a6c1350af73a,tg:rubhs:66_#1,e22_Dimensions,kenmerken/rubformaths.rubformathsafm,105,breedte,millimeter
5defcea6-1315-54bd-b88c-a6c1350af73a,tg:rubhs:66_#1,e22_Dimensions,kenmerken/rubformaths.rubformathsafm,7,diepte,millimeter
cb2cbf50-22c8-522f-9e23-23cf7dbfb4ba,tg:rubhs:50_#1,e22_Dimensions,kenmerken/rubformaths.rubformathsafm,125,hoogte,millimeter
cb2cbf50-22c8-522f-9e23-23cf7dbfb4ba,tg:rubhs:50_#1,e22_Dimensions,kenmerken/rubformaths.rubformathsafm,80,breedte,millimeter
cb2cbf50-22c8-522f-9e23-23cf7dbfb4ba,tg:rubhs:50_#1,e22_Dimensions,kenmerken/rubformaths.rubformathsafm,20,diepte,millimeter
078d4c0d-fb7d-509d-a2c6-84c163161555,tg:rubhs:40_#1,e22_Dimensions,kenmerken/rubformaths.rubformathsafm,130,hoogte,millimeter
078d4c0d-fb7d-509d-a2c6-84c163161555,tg:rubhs:40_#1,e22_Dimensions,kenmerken/rubformaths.rubformathsafm,87,breedte,millimeter
078d4c0d-fb7d-509d-a2c6-84c163161555,tg:rubhs:40_#1,e22_Dimensions,kenmerken/rubformaths.rubformathsafm,20,diepte,millimeter
363f6a72-60db-51e5-80fe-c967c4c9ccc7,tg:rubhs:169_#1,e22_Dimensions,kenmerken/rubformaths.rubformathsafm,165,hoogte,millimeter
363f6a72-60db-51e5-80fe-c967c4c9ccc7,tg:rubhs:169_#1,e22_Dimensions,kenmerken/rubformaths.rubformathsafm,110,breedte,millimeter
363f6a72-60db-51e5-80fe-c967c4c9ccc7,tg:rubhs:169_#1,e22_Dimensions,kenmerken/rubformaths.rubformathsafm,10,diepte,millimeter
ed458e55-6b7a-5f37-9260-b579dc7fc715,tg:rubhs:179_#1,e22_Dimensions,kenmerken/rubformaths.rubformathsafm,160,hoogte,millimeter
ed458e55-6b7a-5f37-9260-b579dc7fc715,tg:rubhs:179_#1,e22_Dimensions,kenmerken/rubformaths.rubformathsafm,100,breedte,millimeter
ed458e55-6b7a-5f37-9260-b579dc7fc715,tg:rubhs:179_#1,e22_Dimensions,kenmerken/rubformaths.rubformathsafm,20,diepte,millimeter
a6267991-47ab-5f02-a3d0-165b1a0ca4c3,tg:rubhs:32_#1,e22_Dimensions,kenmerken/rubformaths.rubformathsafm,125,hoogte,millimeter
a6267991-47ab-5f02-a3d0-165b1a0ca4c3,tg:rubhs:32_#1,e22_Dimensions,kenmerken/rubformaths.rubformathsafm,85,breedte,millimeter
a6267991-47ab-5f02-a3d0-165b1a0ca4c3,tg:rubhs:32_#1,e22_Dimensions,kenmerken/rubformaths.rubformathsafm,7,diepte,millimeter
27accdde-8d37-58df-a933-8ea1f9a28808,tg:rubhs:22_#1,e22_Dimensions,kenmerken/rubformaths.rubformathsafm,76,hoogte,millimeter
27accdde-8d37-58df-a933-8ea1f9a28808,tg:rubhs:22_#1,e22_Dimensions,kenmerken/rubformaths.rubformathsafm,110,breedte,millimeter
27accdde-8d37-58df-a933-8ea1f9a28808,tg:rubhs:22_#1,e22_Dimensions,kenmerken/rubformaths.rubformathsafm,7,diepte,millimeter
12e2497b-e154-5377-8149-0e444e74378a,tg:rubhs:134_#1,e22_Dimensions,kenmerken/rubformaths.rubformathsafm,165,hoogte,millimeter
12e2497b-e154-5377-8149-0e444e74378a,tg:rubhs:134_#1,e22_Dimensions,kenmerken/rubformaths.rubformathsafm,100,breedte,millimeter
12e2497b-e154-5377-8149-0e444e74378a,tg:rubhs:134_#1,e22_Dimensions,kenmerken/rubformaths.rubformathsafm,17,diepte,millimeter
d7deff59-3817-540a-a996-084957f85831,tg:rubhs:124_#1,e22_Dimensions,kenmerken/rubformaths.rubformathsafm,70,hoogte,millimeter
d7deff59-3817-540a-a996-084957f85831,tg:rubhs:124_#1,e22_Dimensions,kenmerken/rubformaths.rubformathsafm,110,breedte,millimeter
d7deff59-3817-540a-a996-084957f85831,tg:rubhs:124_#1,e22_Dimensions,kenmerken/rubformaths.rubformathsafm,5,diepte,millimeter
118a2497-d0a5-5718-9310-7565172cd034,tg:rubhs:156_#1,e22_Dimensions,kenmerken/rubformaths.rubformathsafm,165,hoogte,millimeter
118a2497-d0a5-5718-9310-7565172cd034,tg:rubhs:156_#1,e22_Dimensions,kenmerken/rubformaths.rubformathsafm,105,breedte,millimeter
118a2497-d0a5-5718-9310-7565172cd034,tg:rubhs:156_#1,e22_Dimensions,kenmerken/rubformaths.rubformathsafm,5,diepte,millimeter
4f64b2d8-7381-5c7c-875e-2f4b2b129f77,tg:rubhs:146_#1,e22_Dimensions,kenmerken/rubformaths.rubformathsafm,165,hoogte,millimeter
4f64b2d8-7381-5c7c-875e-2f4b2b129f77,tg:rubhs:146_#1,e22_Dimensions,kenmerken/rubformaths.rubformathsafm,105,breedte,millimeter
4f64b2d8-7381-5c7c-875e-2f4b2b129f77,tg:rubhs:146_#1,e22_Dimensions,kenmerken/rubformaths.rubformathsafm,10,diepte,millimeter
595c84f4-0213-5540-8e85-86b168f8bab5,tg:rubhs:41_#1,e22_Dimensions,kenmerken/rubformaths.rubformathsafm,140,hoogte,millimeter
595c84f4-0213-5540-8e85-86b168f8bab5,tg:rubhs:41_#1,e22_Dimensions,kenmerken/rubformaths.rubformathsafm,95,breedte,millimeter
595c84f4-0213-5540-8e85-86b168f8bab5,tg:rubhs:41_#1,e22_Dimensions,kenmerken/rubformaths.rubformathsafm,15,diepte,millimeter
7bd7948d-a147-5a8e-a99a-16e821da06fa,tg:rubhs:51_#1,e22_Dimensions,kenmerken/rubformaths.rubformathsafm,165,hoogte,millimeter
7bd7948d-a147-5a8e-a99a-16e821da06fa,tg:rubhs:51_#1,e22_Dimensions,kenmerken/rubformaths.rubformathsafm,105,breedte,millimeter
7bd7948d-a147-5a8e-a99a-16e821da06fa,tg:rubhs:51_#1,e22_Dimensions,kenmerken/rubformaths.rubformathsafm,3,diepte,millimeter
6d159392-2438-5e4d-9a1c-afef4d1d6c41,tg:rubhs:23_#1,e22_Dimensions,kenmerken/rubformaths.rubformathsafm,112,hoogte,millimeter
6d159392-2438-5e4d-9a1c-afef4d1d6c41,tg:rubhs:23_#1,e22_Dimensions,kenmerken/rubformaths.rubformathsafm,83,breedte,millimeter
6d159392-2438-5e4d-9a1c-afef4d1d6c41,tg:rubhs:23_#1,e22_Dimensions,kenmerken/rubformaths.rubformathsafm,12,diepte,millimeter
d922a1d8-0d13-55d1-b043-1caac07763d2,tg:rubhs:33_#1,e22_Dimensions,kenmerken/rubformaths.rubformathsafm,116,hoogte,millimeter
d922a1d8-0d13-55d1-b043-1caac07763d2,tg:rubhs:33_#1,e22_Dimensions,kenmerken/rubformaths.rubformathsafm,80,breedte,millimeter
d922a1d8-0d13-55d1-b043-1caac07763d2,tg:rubhs:33_#1,e22_Dimensions,kenmerken/rubformaths.rubformathsafm,8,diepte,millimeter
cc71617a-e480-570c-b998-22558fa0e9fc,tg:rubhs:178_#1,e22_Dimensions,kenmerken/rubformaths.rubformathsafm,160,hoogte,millimeter
cc71617a-e480-570c-b998-22558fa0e9fc,tg:rubhs:178_#1,e22_Dimensions,kenmerken/rubformaths.rubformathsafm,100,breedte,millimeter
cc71617a-e480-570c-b998-22558fa0e9fc,tg:rubhs:178_#1,e22_Dimensions,kenmerken/rubformaths.rubformathsafm,20,diepte,millimeter
f067f7dc-77bc-5780-a6ad-e6c6c9f55116,tg:rubhs:168_#1,e22_Dimensions,kenmerken/rubformaths.rubformathsafm,125,hoogte,millimeter
f067f7dc-77bc-5780-a6ad-e6c6c9f55116,tg:rubhs:168_#1,e22_Dimensions,kenmerken/rubformaths.rubformathsafm,85,breedte,millimeter
f067f7dc-77bc-5780-a6ad-e6c6c9f55116,tg:rubhs:168_#1,e22_Dimensions,kenmerken/rubformaths.rubformathsafm,5,diepte,millimeter
09787836-cf6f-599f-8276-45d6aa10b17b,tg:rubhs:125_#1,e22_Dimensions,kenmerken/rubformaths.rubformathsafm,70,hoogte,millimeter
09787836-cf6f-599f-8276-45d6aa10b17b,tg:rubhs:125_#1,e22_Dimensions,kenmerken/rubformaths.rubformathsafm,110,breedte,millimeter
09787836-cf6f-599f-8276-45d6aa10b17b,tg:rubhs:125_#1,e22_Dimensions,kenmerken/rubformaths.rubformathsafm,5,diepte,millimeter
e53c530a-232f-5968-bbd6-216ba7fb92c5,tg:rubhs:135_#1,e22_Dimensions,kenmerken/rubformaths.rubformathsafm,155,hoogte,millimeter
e53c530a-232f-5968-bbd6-216ba7fb92c5,tg:rubhs:135_#1,e22_Dimensions,kenmerken/rubformaths.rubformathsafm,95,breedte,millimeter
e53c530a-232f-5968-bbd6-216ba7fb92c5,tg:rubhs:135_#1,e22_Dimensions,kenmerken/rubformaths.rubformathsafm,10,diepte,millimeter
5df33536-0257-50e2-899f-b7ca075b74a7,tg:rubhs:147_#1,e22_Dimensions,kenmerken/rubformaths.rubformathsafm,160,hoogte,millimeter
5df33536-0257-50e2-899f-b7ca075b74a7,tg:rubhs:147_#1,e22_Dimensions,kenmerken/rubformaths.rubformathsafm,100,breedte,millimeter
5df33536-0257-50e2-899f-b7ca075b74a7,tg:rubhs:147_#1,e22_Dimensions,kenmerken/rubformaths.rubformathsafm,15,diepte,millimeter
6d3a826c-702e-5c73-8866-0cb8155f9d41,tg:rubhs:157_#1,e22_Dimensions,kenmerken/rubformaths.rubformathsafm,160,hoogte,millimeter
6d3a826c-702e-5c73-8866-0cb8155f9d41,tg:rubhs:157_#1,e22_Dimensions,kenmerken/rubformaths.rubformathsafm,100,breedte,millimeter
6d3a826c-702e-5c73-8866-0cb8155f9d41,tg:rubhs:157_#1,e22_Dimensions,kenmerken/rubformaths.rubformathsafm,17,diepte,millimeter
85ffdb52-c485-5985-85ff-be87234bef3a,tg:rubhs:207_#1,e22_Dimensions,kenmerken/rubformaths.rubformathsafm,220,hoogte,millimeter
85ffdb52-c485-5985-85ff-be87234bef3a,tg:rubhs:207_#1,e22_Dimensions,kenmerken/rubformaths.rubformathsafm,165,breedte,millimeter
85ffdb52-c485-5985-85ff-be87234bef3a,tg:rubhs:207_#1,e22_Dimensions,kenmerken/rubformaths.rubformathsafm,10,diepte,millimeter
9f187034-6d97-51c1-a06a-9a23dff03b4f,tg:rubhs:83_#1,e22_Dimensions,kenmerken/rubformaths.rubformathsafm,170,hoogte,millimeter
9f187034-6d97-51c1-a06a-9a23dff03b4f,tg:rubhs:83_#1,e22_Dimensions,kenmerken/rubformaths.rubformathsafm,120,breedte,millimeter
9f187034-6d97-51c1-a06a-9a23dff03b4f,tg:rubhs:83_#1,e22_Dimensions,kenmerken/rubformaths.rubformathsafm,3,diepte,millimeter
59b1136a-dec9-5695-aaa2-e7c32e825b0d,tg:rubhs:93_#1,e22_Dimensions,kenmerken/rubformaths.rubformathsafm,160,hoogte,millimeter
59b1136a-dec9-5695-aaa2-e7c32e825b0d,tg:rubhs:93_#1,e22_Dimensions,kenmerken/rubformaths.rubformathsafm,100,breedte,millimeter
59b1136a-dec9-5695-aaa2-e7c32e825b0d,tg:rubhs:93_#1,e22_Dimensions,kenmerken/rubformaths.rubformathsafm,11,diepte,millimeter
d00123d2-4e49-532f-b634-5192bc959496,tg:rubhs:171_#1,e22_Dimensions,kenmerken/rubformaths.rubformathsafm,165,hoogte,millimeter
d00123d2-4e49-532f-b634-5192bc959496,tg:rubhs:171_#1,e22_Dimensions,kenmerken/rubformaths.rubformathsafm,115,breedte,millimeter
d00123d2-4e49-532f-b634-5192bc959496,tg:rubhs:171_#1,e22_Dimensions,kenmerken/rubformaths.rubformathsafm,10,diepte,millimeter
bb84d086-f20b-5493-bff6-77e4cea64a09,tg:rubhs:103_#1,e22_Dimensions,kenmerken/rubformaths.rubformathsafm,170,hoogte,millimeter
bb84d086-f20b-5493-bff6-77e4cea64a09,tg:rubhs:103_#1,e22_Dimensions,kenmerken/rubformaths.rubformathsafm,105,breedte,millimeter
bb84d086-f20b-5493-bff6-77e4cea64a09,tg:rubhs:103_#1,e22_Dimensions,kenmerken/rubformaths.rubformathsafm,10,diepte,millimeter
72d62190-c444-585b-88fb-f969c7699910,tg:rubhs:113_#1,e22_Dimensions,kenmerken/rubformaths.rubformathsafm,170,hoogte,millimeter
72d62190-c444-585b-88fb-f969c7699910,tg:rubhs:113_#1,e22_Dimensions,kenmerken/rubformaths.rubformathsafm,105,breedte,millimeter
72d62190-c444-585b-88fb-f969c7699910,tg:rubhs:113_#1,e22_Dimensions,kenmerken/rubformaths.rubformathsafm,7,diepte,millimeter
c2abaf85-c5e8-5f6b-a9d9-1a1b618745c5,tg:rubhs:58_#1,e22_Dimensions,kenmerken/rubformaths.rubformathsafm,165,hoogte,millimeter
c2abaf85-c5e8-5f6b-a9d9-1a1b618745c5,tg:rubhs:58_#1,e22_Dimensions,kenmerken/rubformaths.rubformathsafm,100,breedte,millimeter
c2abaf85-c5e8-5f6b-a9d9-1a1b618745c5,tg:rubhs:58_#1,e22_Dimensions,kenmerken/rubformaths.rubformathsafm,3,diepte,millimeter
78014074-6231-593d-8d4c-399adeb1e8a4,tg:rubhs:48_#1,e22_Dimensions,kenmerken/rubformaths.rubformathsafm,126,hoogte,millimeter
78014074-6231-593d-8d4c-399adeb1e8a4,tg:rubhs:48_#1,e22_Dimensions,kenmerken/rubformaths.rubformathsafm,90,breedte,millimeter
78014074-6231-593d-8d4c-399adeb1e8a4,tg:rubhs:48_#1,e22_Dimensions,kenmerken/rubformaths.rubformathsafm,20,diepte,millimeter
c105aaf5-bcb3-5516-b0ca-e807f418b4f4,tg:rubhs:15_#1,e22_Dimensions,kenmerken/rubformaths.rubformathsafm,133,hoogte,millimeter
c105aaf5-bcb3-5516-b0ca-e807f418b4f4,tg:rubhs:15_#1,e22_Dimensions,kenmerken/rubformaths.rubformathsafm,80,breedte,millimeter
c105aaf5-bcb3-5516-b0ca-e807f418b4f4,tg:rubhs:15_#1,e22_Dimensions,kenmerken/rubformaths.rubformathsafm,7,diepte,millimeter
3bf3243b-282f-5116-bafe-47f165ded1c0,tg:rubhs:185_#1,e22_Dimensions,kenmerken/rubformaths.rubformathsafm,215,hoogte,millimeter
3bf3243b-282f-5116-bafe-47f165ded1c0,tg:rubhs:185_#1,e22_Dimensions,kenmerken/rubformaths.rubformathsafm,180,breedte,millimeter
3bf3243b-282f-5116-bafe-47f165ded1c0,tg:rubhs:185_#1,e22_Dimensions,kenmerken/rubformaths.rubformathsafm,20,diepte,millimeter
5a25f7bf-106a-5288-9e86-ca047c45adae,tg:rubhs:195_#1,e22_Dimensions,kenmerken/rubformaths.rubformathsafm,160,hoogte,millimeter
5a25f7bf-106a-5288-9e86-ca047c45adae,tg:rubhs:195_#1,e22_Dimensions,kenmerken/rubformaths.rubformathsafm,100,breedte,millimeter
5a25f7bf-106a-5288-9e86-ca047c45adae,tg:rubhs:195_#1,e22_Dimensions,kenmerken/rubformaths.rubformathsafm,6,diepte,millimeter
95dfc8c4-eb93-5660-b15d-25db2e6675eb,tg:rubhs:67_#1,e22_Dimensions,kenmerken/rubformaths.rubformathsafm,165,hoogte,millimeter
95dfc8c4-eb93-5660-b15d-25db2e6675eb,tg:rubhs:67_#1,e22_Dimensions,kenmerken/rubformaths.rubformathsafm,105,breedte,millimeter
95dfc8c4-eb93-5660-b15d-25db2e6675eb,tg:rubhs:67_#1,e22_Dimensions,kenmerken/rubformaths.rubformathsafm,5,diepte,millimeter
e602992e-405e-5e8a-a048-7d03e6d7745b,tg:rubhs:77_#1,e22_Dimensions,kenmerken/rubformaths.rubformathsafm,170,hoogte,millimeter
e602992e-405e-5e8a-a048-7d03e6d7745b,tg:rubhs:77_#1,e22_Dimensions,kenmerken/rubformaths.rubformathsafm,105,breedte,millimeter
e602992e-405e-5e8a-a048-7d03e6d7745b,tg:rubhs:77_#1,e22_Dimensions,kenmerken/rubformaths.rubformathsafm,10,diepte,millimeter
7312b51c-11d7-56db-8700-19ba55b98e1d,tg:rubhs:6_#1,e22_Dimensions,kenmerken/rubformaths.rubformathsafm,133,hoogte,millimeter
7312b51c-11d7-56db-8700-19ba55b98e1d,tg:rubhs:6_#1,e22_Dimensions,kenmerken/rubformaths.rubformathsafm,82,breedte,millimeter
7312b51c-11d7-56db-8700-19ba55b98e1d,tg:rubhs:6_#1,e22_Dimensions,kenmerken/rubformaths.rubformathsafm,5,diepte,millimeter
7cb540c6-0d43-5074-a889-4d6a974350c1,tg:rubhs:10_#1,e22_Dimensions,kenmerken/rubformaths.rubformathsafm,133,hoogte,millimeter
7cb540c6-0d43-5074-a889-4d6a974350c1,tg:rubhs:10_#1,e22_Dimensions,kenmerken/rubformaths.rubformathsafm,80,breedte,millimeter
7cb540c6-0d43-5074-a889-4d6a974350c1,tg:rubhs:10_#1,e22_Dimensions,kenmerken/rubformaths.rubformathsafm,7,diepte,millimeter
11bfe5cf-247b-5f8b-b000-ae652f064b31,tg:rubhs:72_#1,e22_Dimensions,kenmerken/rubformaths.rubformathsafm,165,hoogte,millimeter
11bfe5cf-247b-5f8b-b000-ae652f064b31,tg:rubhs:72_#1,e22_Dimensions,kenmerken/rubformaths.rubformathsafm,105,breedte,millimeter
11bfe5cf-247b-5f8b-b000-ae652f064b31,tg:rubhs:72_#1,e22_Dimensions,kenmerken/rubformaths.rubformathsafm,3,diepte,millimeter
766aff27-7f3f-50f4-a32a-221fef876a2a,tg:rubhs:62_#1,e22_Dimensions,kenmerken/rubformaths.rubformathsafm,165,hoogte,millimeter
766aff27-7f3f-50f4-a32a-221fef876a2a,tg:rubhs:62_#1,e22_Dimensions,kenmerken/rubformaths.rubformathsafm,105,breedte,millimeter
766aff27-7f3f-50f4-a32a-221fef876a2a,tg:rubhs:62_#1,e22_Dimensions,kenmerken/rubformaths.rubformathsafm,15,diepte,millimeter
760fc914-e7e8-5495-a804-c65bbd493330,tg:rubhs:180_#1,e22_Dimensions,kenmerken/rubformaths.rubformathsafm,160,hoogte,millimeter
760fc914-e7e8-5495-a804-c65bbd493330,tg:rubhs:180_#1,e22_Dimensions,kenmerken/rubformaths.rubformathsafm,100,breedte,millimeter
760fc914-e7e8-5495-a804-c65bbd493330,tg:rubhs:180_#1,e22_Dimensions,kenmerken/rubformaths.rubformathsafm,20,diepte,millimeter
3845101d-ae35-59fa-8399-07fd4f3a3b56,tg:rubhs:129_#1,e22_Dimensions,kenmerken/rubformaths.rubformathsafm,70,hoogte,millimeter
3845101d-ae35-59fa-8399-07fd4f3a3b56,tg:rubhs:129_#1,e22_Dimensions,kenmerken/rubformaths.rubformathsafm,110,breedte,millimeter
3845101d-ae35-59fa-8399-07fd4f3a3b56,tg:rubhs:129_#1,e22_Dimensions,kenmerken/rubformaths.rubformathsafm,5,diepte,millimeter
8d4adbed-139c-5ce3-a813-cba4d3bdebf7,tg:rubhs:139_#1,e22_Dimensions,kenmerken/rubformaths.rubformathsafm,157,hoogte,millimeter
8d4adbed-139c-5ce3-a813-cba4d3bdebf7,tg:rubhs:139_#1,e22_Dimensions,kenmerken/rubformaths.rubformathsafm,100,breedte,millimeter
8d4adbed-139c-5ce3-a813-cba4d3bdebf7,tg:rubhs:139_#1,e22_Dimensions,kenmerken/rubformaths.rubformathsafm,5,diepte,millimeter
4d1ef414-9182-5689-b7e8-2c7b76fc822c,tg:rubhs:174_#1,e22_Dimensions,kenmerken/rubformaths.rubformathsafm,165,hoogte,millimeter
4d1ef414-9182-5689-b7e8-2c7b76fc822c,tg:rubhs:174_#1,e22_Dimensions,kenmerken/rubformaths.rubformathsafm,105,breedte,millimeter
4d1ef414-9182-5689-b7e8-2c7b76fc822c,tg:rubhs:174_#1,e22_Dimensions,kenmerken/rubformaths.rubformathsafm,10,diepte,millimeter
36dd7d50-6276-5357-a1fc-ee4a34966f26,tg:rubhs:164_#1,e22_Dimensions,kenmerken/rubformaths.rubformathsafm,125,hoogte,millimeter
36dd7d50-6276-5357-a1fc-ee4a34966f26,tg:rubhs:164_#1,e22_Dimensions,kenmerken/rubformaths.rubformathsafm,85,breedte,millimeter
36dd7d50-6276-5357-a1fc-ee4a34966f26,tg:rubhs:164_#1,e22_Dimensions,kenmerken/rubformaths.rubformathsafm,5,diepte,millimeter
aeb11d70-e89a-5b38-81bb-9d6a2b8de4f4,tg:rubhs:202_#1,e22_Dimensions,kenmerken/rubformaths.rubformathsafm,210,hoogte,millimeter
aeb11d70-e89a-5b38-81bb-9d6a2b8de4f4,tg:rubhs:202_#1,e22_Dimensions,kenmerken/rubformaths.rubformathsafm,165,breedte,millimeter
aeb11d70-e89a-5b38-81bb-9d6a2b8de4f4,tg:rubhs:202_#1,e22_Dimensions,kenmerken/rubformaths.rubformathsafm,3,diepte,millimeter
ee8cc939-4eb3-5d65-a3cc-37b205b7581b,tg:rubhs:96_#1,e22_Dimensions,kenmerken/rubformaths.rubformathsafm,170,hoogte,millimeter
ee8cc939-4eb3-5d65-a3cc-37b205b7581b,tg:rubhs:96_#1,e22_Dimensions,kenmerken/rubformaths.rubformathsafm,105,breedte,millimeter
ee8cc939-4eb3-5d65-a3cc-37b205b7581b,tg:rubhs:96_#1,e22_Dimensions,kenmerken/rubformaths.rubformathsafm,7,diepte,millimeter
78844807-a6e6-582f-9d7c-6ba4df66f4cb,tg:rubhs:86_#1,e22_Dimensions,kenmerken/rubformaths.rubformathsafm,170,hoogte,millimeter
78844807-a6e6-582f-9d7c-6ba4df66f4cb,tg:rubhs:86_#1,e22_Dimensions,kenmerken/rubformaths.rubformathsafm,110,breedte,millimeter
78844807-a6e6-582f-9d7c-6ba4df66f4cb,tg:rubhs:86_#1,e22_Dimensions,kenmerken/rubformaths.rubformathsafm,15,diepte,millimeter
0c522d7e-7b0f-58d2-a1d0-21e18c76206d,tg:rubhs:116_#1,e22_Dimensions,kenmerken/rubformaths.rubformathsafm,165,hoogte,millimeter
0c522d7e-7b0f-58d2-a1d0-21e18c76206d,tg:rubhs:116_#1,e22_Dimensions,kenmerken/rubformaths.rubformathsafm,105,breedte,millimeter
0c522d7e-7b0f-58d2-a1d0-21e18c76206d,tg:rubhs:116_#1,e22_Dimensions,kenmerken/rubformaths.rubformathsafm,3,diepte,millimeter
99ff87e3-b49f-5a54-a0ca-52b8d62203c7,tg:rubhs:106_#1,e22_Dimensions,kenmerken/rubformaths.rubformathsafm,160,hoogte,millimeter
99ff87e3-b49f-5a54-a0ca-52b8d62203c7,tg:rubhs:106_#1,e22_Dimensions,kenmerken/rubformaths.rubformathsafm,100,breedte,millimeter
99ff87e3-b49f-5a54-a0ca-52b8d62203c7,tg:rubhs:106_#1,e22_Dimensions,kenmerken/rubformaths.rubformathsafm,17,diepte,millimeter
703c18ed-bdec-5799-9f10-97e8348ad7cd,tg:rubhs:199_#1,e22_Dimensions,kenmerken/rubformaths.rubformathsafm,235,hoogte,millimeter
703c18ed-bdec-5799-9f10-97e8348ad7cd,tg:rubhs:199_#1,e22_Dimensions,kenmerken/rubformaths.rubformathsafm,185,breedte,millimeter
703c18ed-bdec-5799-9f10-97e8348ad7cd,tg:rubhs:199_#1,e22_Dimensions,kenmerken/rubformaths.rubformathsafm,2,diepte,millimeter
5252ea65-5f28-51ca-abb7-efc74c02bfc1,tg:rubhs:130_#1,e22_Dimensions,kenmerken/rubformaths.rubformathsafm,100,hoogte,millimeter
5252ea65-5f28-51ca-abb7-efc74c02bfc1,tg:rubhs:130_#1,e22_Dimensions,kenmerken/rubformaths.rubformathsafm,55,breedte,millimeter
5252ea65-5f28-51ca-abb7-efc74c02bfc1,tg:rubhs:130_#1,e22_Dimensions,kenmerken/rubformaths.rubformathsafm,5,diepte,millimeter
6f7d86e3-ed70-504d-a06c-b05a714fd4eb,tg:rubhs:120_#1,e22_Dimensions,kenmerken/rubformaths.rubformathsafm,70,hoogte,millimeter
6f7d86e3-ed70-504d-a06c-b05a714fd4eb,tg:rubhs:120_#1,e22_Dimensions,kenmerken/rubformaths.rubformathsafm,110,breedte,millimeter
6f7d86e3-ed70-504d-a06c-b05a714fd4eb,tg:rubhs:120_#1,e22_Dimensions,kenmerken/rubformaths.rubformathsafm,5,diepte,millimeter
c1deabfc-6cf7-5354-88a8-df059084bf6a,tg:rubhs:142_#1,e22_Dimensions,kenmerken/rubformaths.rubformathsafm,157,hoogte,millimeter
c1deabfc-6cf7-5354-88a8-df059084bf6a,tg:rubhs:142_#1,e22_Dimensions,kenmerken/rubformaths.rubformathsafm,100,breedte,millimeter
c1deabfc-6cf7-5354-88a8-df059084bf6a,tg:rubhs:142_#1,e22_Dimensions,kenmerken/rubformaths.rubformathsafm,5,diepte,millimeter
ec87b6d0-af70-5183-a6d6-374c3ed484ad,tg:rubhs:19_#1,e22_Dimensions,kenmerken/rubformaths.rubformathsafm,110,hoogte,millimeter
ec87b6d0-af70-5183-a6d6-374c3ed484ad,tg:rubhs:19_#1,e22_Dimensions,kenmerken/rubformaths.rubformathsafm,74,breedte,millimeter
ec87b6d0-af70-5183-a6d6-374c3ed484ad,tg:rubhs:19_#1,e22_Dimensions,kenmerken/rubformaths.rubformathsafm,11,diepte,millimeter
149b2d91-c2ad-5bdf-877b-94cc5fa3b09b,tg:rubhs:54_#1,e22_Dimensions,kenmerken/rubformaths.rubformathsafm,165,hoogte,millimeter
149b2d91-c2ad-5bdf-877b-94cc5fa3b09b,tg:rubhs:54_#1,e22_Dimensions,kenmerken/rubformaths.rubformathsafm,105,breedte,millimeter
149b2d91-c2ad-5bdf-877b-94cc5fa3b09b,tg:rubhs:54_#1,e22_Dimensions,kenmerken/rubformaths.rubformathsafm,3,diepte,millimeter
ecb6c3a8-f463-5b35-a2a0-cdfee19186df,tg:rubhs:44_#1,e22_Dimensions,kenmerken/rubformaths.rubformathsafm,115,hoogte,millimeter
ecb6c3a8-f463-5b35-a2a0-cdfee19186df,tg:rubhs:44_#1,e22_Dimensions,kenmerken/rubformaths.rubformathsafm,76,breedte,millimeter
ecb6c3a8-f463-5b35-a2a0-cdfee19186df,tg:rubhs:44_#1,e22_Dimensions,kenmerken/rubformaths.rubformathsafm,15,diepte,millimeter
e2888c40-11ee-50ba-ac04-00355c81b042,tg:rubhs:36_#1,e22_Dimensions,kenmerken/rubformaths.rubformathsafm,117,hoogte,millimeter
e2888c40-11ee-50ba-ac04-00355c81b042,tg:rubhs:36_#1,e22_Dimensions,kenmerken/rubformaths.rubformathsafm,77,breedte,millimeter
e2888c40-11ee-50ba-ac04-00355c81b042,tg:rubhs:36_#1,e22_Dimensions,kenmerken/rubformaths.rubformathsafm,5,diepte,millimeter
9a63a518-a510-5a4d-8abd-f8507e1d708f,tg:rubhs:26_#1,e22_Dimensions,kenmerken/rubformaths.rubformathsafm,95,hoogte,millimeter
9a63a518-a510-5a4d-8abd-f8507e1d708f,tg:rubhs:26_#1,e22_Dimensions,kenmerken/rubformaths.rubformathsafm,70,breedte,millimeter
9a63a518-a510-5a4d-8abd-f8507e1d708f,tg:rubhs:26_#1,e22_Dimensions,kenmerken/rubformaths.rubformathsafm,17,diepte,millimeter
bb87c8f3-f059-529a-94a8-96fef3455d4c,tg:rubhs:121_#1,e22_Dimensions,kenmerken/rubformaths.rubformathsafm,70,hoogte,millimeter
bb87c8f3-f059-529a-94a8-96fef3455d4c,tg:rubhs:121_#1,e22_Dimensions,kenmerken/rubformaths.rubformathsafm,110,breedte,millimeter
bb87c8f3-f059-529a-94a8-96fef3455d4c,tg:rubhs:121_#1,e22_Dimensions,kenmerken/rubformaths.rubformathsafm,5,diepte,millimeter
097b8fc7-ecb0-54d2-8c97-6af7ed12f22e,tg:rubhs:131_#1,e22_Dimensions,kenmerken/rubformaths.rubformathsafm,160,hoogte,millimeter
097b8fc7-ecb0-54d2-8c97-6af7ed12f22e,tg:rubhs:131_#1,e22_Dimensions,kenmerken/rubformaths.rubformathsafm,105,breedte,millimeter
097b8fc7-ecb0-54d2-8c97-6af7ed12f22e,tg:rubhs:131_#1,e22_Dimensions,kenmerken/rubformaths.rubformathsafm,12,diepte,millimeter
d3035ba3-a094-5154-9afe-b341289c889a,tg:rubhs:198_#1,e22_Dimensions,kenmerken/rubformaths.rubformathsafm,208,hoogte,millimeter
d3035ba3-a094-5154-9afe-b341289c889a,tg:rubhs:198_#1,e22_Dimensions,kenmerken/rubformaths.rubformathsafm,170,breedte,millimeter
d3035ba3-a094-5154-9afe-b341289c889a,tg:rubhs:198_#1,e22_Dimensions,kenmerken/rubformaths.rubformathsafm,5,diepte,millimeter
5b881a0a-c4d8-535a-8c06-d9183fb65ee4,tg:rubhs:18_#1,e22_Dimensions,kenmerken/rubformaths.rubformathsafm,111,hoogte,millimeter
5b881a0a-c4d8-535a-8c06-d9183fb65ee4,tg:rubhs:18_#1,e22_Dimensions,kenmerken/rubformaths.rubformathsafm,74,breedte,millimeter
5b881a0a-c4d8-535a-8c06-d9183fb65ee4,tg:rubhs:18_#1,e22_Dimensions,kenmerken/rubformaths.rubformathsafm,10,diepte,millimeter
16939ae4-0e3a-5352-9a02-76bfe59c7d54,tg:rubhs:143_#1,e22_Dimensions,kenmerken/rubformaths.rubformathsafm,160,hoogte,millimeter
16939ae4-0e3a-5352-9a02-76bfe59c7d54,tg:rubhs:143_#1,e22_Dimensions,kenmerken/rubformaths.rubformathsafm,105,breedte,millimeter
16939ae4-0e3a-5352-9a02-76bfe59c7d54,tg:rubhs:143_#1,e22_Dimensions,kenmerken/rubformaths.rubformathsafm,10,diepte,millimeter
dc088ae6-67cb-53dd-88e3-3cb50a886763,tg:rubhs:153_#1,e22_Dimensions,kenmerken/rubformaths.rubformathsafm,160,hoogte,millimeter
dc088ae6-67cb-53dd-88e3-3cb50a886763,tg:rubhs:153_#1,e22_Dimensions,kenmerken/rubformaths.rubformathsafm,100,breedte,millimeter
dc088ae6-67cb-53dd-88e3-3cb50a886763,tg:rubhs:153_#1,e22_Dimensions,kenmerken/rubformaths.rubformathsafm,3,diepte,millimeter
285ac27a-84a6-5916-9e38-e8e1660bacce,tg:rubhs:45_#1,e22_Dimensions,kenmerken/rubformaths.rubformathsafm,125,hoogte,millimeter
285ac27a-84a6-5916-9e38-e8e1660bacce,tg:rubhs:45_#1,e22_Dimensions,kenmerken/rubformaths.rubformathsafm,92,breedte,millimeter
285ac27a-84a6-5916-9e38-e8e1660bacce,tg:rubhs:45_#1,e22_Dimensions,kenmerken/rubformaths.rubformathsafm,17,diepte,millimeter
003de1d7-0676-536d-8019-307d3a7f61c7,tg:rubhs:55_#1,e22_Dimensions,kenmerken/rubformaths.rubformathsafm,165,hoogte,millimeter
003de1d7-0676-536d-8019-307d3a7f61c7,tg:rubhs:55_#1,e22_Dimensions,kenmerken/rubformaths.rubformathsafm,102,breedte,millimeter
003de1d7-0676-536d-8019-307d3a7f61c7,tg:rubhs:55_#1,e22_Dimensions,kenmerken/rubformaths.rubformathsafm,3,diepte,millimeter
e9ee0f47-8c16-5cd8-abbe-38712c5466a3,tg:rubhs:27_#1,e22_Dimensions,kenmerken/rubformaths.rubformathsafm,120,hoogte,millimeter
e9ee0f47-8c16-5cd8-abbe-38712c5466a3,tg:rubhs:27_#1,e22_Dimensions,kenmerken/rubformaths.rubformathsafm,80,breedte,millimeter
e9ee0f47-8c16-5cd8-abbe-38712c5466a3,tg:rubhs:27_#1,e22_Dimensions,kenmerken/rubformaths.rubformathsafm,15,diepte,millimeter
3035042d-fe0a-5a1a-b2ed-237bbb3bcfea,tg:rubhs:37_#1,e22_Dimensions,kenmerken/rubformaths.rubformathsafm,127,hoogte,millimeter
3035042d-fe0a-5a1a-b2ed-237bbb3bcfea,tg:rubhs:37_#1,e22_Dimensions,kenmerken/rubformaths.rubformathsafm,86,breedte,millimeter
3035042d-fe0a-5a1a-b2ed-237bbb3bcfea,tg:rubhs:37_#1,e22_Dimensions,kenmerken/rubformaths.rubformathsafm,10,diepte,millimeter
73f58a22-4888-5185-990c-9df0456f53b7,tg:rubhs:11_#1,e22_Dimensions,kenmerken/rubformaths.rubformathsafm,133,hoogte,millimeter
73f58a22-4888-5185-990c-9df0456f53b7,tg:rubhs:11_#1,e22_Dimensions,kenmerken/rubformaths.rubformathsafm,80,breedte,millimeter
73f58a22-4888-5185-990c-9df0456f53b7,tg:rubhs:11_#1,e22_Dimensions,kenmerken/rubformaths.rubformathsafm,7,diepte,millimeter
9b4fbebb-a7fa-54dd-8cc5-8a8ad984b77c,tg:rubhs:138_#1,e22_Dimensions,kenmerken/rubformaths.rubformathsafm,160,hoogte,millimeter
9b4fbebb-a7fa-54dd-8cc5-8a8ad984b77c,tg:rubhs:138_#1,e22_Dimensions,kenmerken/rubformaths.rubformathsafm,100,breedte,millimeter
9b4fbebb-a7fa-54dd-8cc5-8a8ad984b77c,tg:rubhs:138_#1,e22_Dimensions,kenmerken/rubformaths.rubformathsafm,20,diepte,millimeter
36a619d5-d117-5747-a87d-ff55254b77e7,tg:rubhs:128_#1,e22_Dimensions,kenmerken/rubformaths.rubformathsafm,70,hoogte,millimeter
36a619d5-d117-5747-a87d-ff55254b77e7,tg:rubhs:128_#1,e22_Dimensions,kenmerken/rubformaths.rubformathsafm,110,breedte,millimeter
36a619d5-d117-5747-a87d-ff55254b77e7,tg:rubhs:128_#1,e22_Dimensions,kenmerken/rubformaths.rubformathsafm,5,diepte,millimeter
05a87375-69fc-5eca-b8ee-e6fc4b5e8818,tg:rubhs:63_#1,e22_Dimensions,kenmerken/rubformaths.rubformathsafm,165,hoogte,millimeter
05a87375-69fc-5eca-b8ee-e6fc4b5e8818,tg:rubhs:63_#1,e22_Dimensions,kenmerken/rubformaths.rubformathsafm,105,breedte,millimeter
05a87375-69fc-5eca-b8ee-e6fc4b5e8818,tg:rubhs:63_#1,e22_Dimensions,kenmerken/rubformaths.rubformathsafm,15,diepte,millimeter
b52013a0-b63c-54df-bdf2-1b915b99805b,tg:rubhs:73_#1,e22_Dimensions,kenmerken/rubformaths.rubformathsafm,165,hoogte,millimeter
b52013a0-b63c-54df-bdf2-1b915b99805b,tg:rubhs:73_#1,e22_Dimensions,kenmerken/rubformaths.rubformathsafm,105,breedte,millimeter
b52013a0-b63c-54df-bdf2-1b915b99805b,tg:rubhs:73_#1,e22_Dimensions,kenmerken/rubformaths.rubformathsafm,3,diepte,millimeter
a8a28038-bb47-5eba-8d32-b4505f564c61,tg:rubhs:181_#1,e22_Dimensions,kenmerken/rubformaths.rubformathsafm,190,hoogte,millimeter
a8a28038-bb47-5eba-8d32-b4505f564c61,tg:rubhs:181_#1,e22_Dimensions,kenmerken/rubformaths.rubformathsafm,110,breedte,millimeter
a8a28038-bb47-5eba-8d32-b4505f564c61,tg:rubhs:181_#1,e22_Dimensions,kenmerken/rubformaths.rubformathsafm,5,diepte,millimeter
d7f65999-48f5-5e75-8a18-5117bd20daaa,tg:rubhs:165_#1,e22_Dimensions,kenmerken/rubformaths.rubformathsafm,125,hoogte,millimeter
d7f65999-48f5-5e75-8a18-5117bd20daaa,tg:rubhs:165_#1,e22_Dimensions,kenmerken/rubformaths.rubformathsafm,85,breedte,millimeter
d7f65999-48f5-5e75-8a18-5117bd20daaa,tg:rubhs:165_#1,e22_Dimensions,kenmerken/rubformaths.rubformathsafm,5,diepte,millimeter
dcee3243-7c53-5e76-baaa-c95dc3f4a1f6,tg:rubhs:175_#1,e22_Dimensions,kenmerken/rubformaths.rubformathsafm,175,hoogte,millimeter
dcee3243-7c53-5e76-baaa-c95dc3f4a1f6,tg:rubhs:175_#1,e22_Dimensions,kenmerken/rubformaths.rubformathsafm,115,breedte,millimeter
dcee3243-7c53-5e76-baaa-c95dc3f4a1f6,tg:rubhs:175_#1,e22_Dimensions,kenmerken/rubformaths.rubformathsafm,15,diepte,millimeter
f39b851e-21b9-510b-810c-df304501335b,tg:rubhs:87_#1,e22_Dimensions,kenmerken/rubformaths.rubformathsafm,160,hoogte,millimeter
f39b851e-21b9-510b-810c-df304501335b,tg:rubhs:87_#1,e22_Dimensions,kenmerken/rubformaths.rubformathsafm,100,breedte,millimeter
f39b851e-21b9-510b-810c-df304501335b,tg:rubhs:87_#1,e22_Dimensions,kenmerken/rubformaths.rubformathsafm,15,diepte,millimeter
53cddbde-210a-5552-88aa-a19aa398e86c,tg:rubhs:97_#1,e22_Dimensions,kenmerken/rubformaths.rubformathsafm,170,hoogte,millimeter
53cddbde-210a-5552-88aa-a19aa398e86c,tg:rubhs:97_#1,e22_Dimensions,kenmerken/rubformaths.rubformathsafm,105,breedte,millimeter
53cddbde-210a-5552-88aa-a19aa398e86c,tg:rubhs:97_#1,e22_Dimensions,kenmerken/rubformaths.rubformathsafm,10,diepte,millimeter
e30a2921-6dad-5a77-b6a0-63533fd3c312,tg:rubhs:203_#1,e22_Dimensions,kenmerken/rubformaths.rubformathsafm,192,hoogte,millimeter
e30a2921-6dad-5a77-b6a0-63533fd3c312,tg:rubhs:203_#1,e22_Dimensions,kenmerken/rubformaths.rubformathsafm,160,breedte,millimeter
e30a2921-6dad-5a77-b6a0-63533fd3c312,tg:rubhs:203_#1,e22_Dimensions,kenmerken/rubformaths.rubformathsafm,4,diepte,millimeter
bfa7278f-aae3-5c02-a8e8-2c42270616fc,tg:rubhs:213_#1,e22_Dimensions,kenmerken/rubformaths.rubformathsafm,190,hoogte,millimeter
bfa7278f-aae3-5c02-a8e8-2c42270616fc,tg:rubhs:213_#1,e22_Dimensions,kenmerken/rubformaths.rubformathsafm,130,breedte,millimeter
bfa7278f-aae3-5c02-a8e8-2c42270616fc,tg:rubhs:213_#1,e22_Dimensions,kenmerken/rubformaths.rubformathsafm,7,diepte,millimeter
dbe7fb7f-d180-5e7f-a479-0b6c59d29bf1,tg:rubhs:107_#1,e22_Dimensions,kenmerken/rubformaths.rubformathsafm,165,hoogte,millimeter
dbe7fb7f-d180-5e7f-a479-0b6c59d29bf1,tg:rubhs:107_#1,e22_Dimensions,kenmerken/rubformaths.rubformathsafm,105,breedte,millimeter
dbe7fb7f-d180-5e7f-a479-0b6c59d29bf1,tg:rubhs:107_#1,e22_Dimensions,kenmerken/rubformaths.rubformathsafm,12,diepte,millimeter
c535d6e9-0007-557c-823c-ec7a97bf12e1,tg:rubhs:117_#1,e22_Dimensions,kenmerken/rubformaths.rubformathsafm,70,hoogte,millimeter
c535d6e9-0007-557c-823c-ec7a97bf12e1,tg:rubhs:117_#1,e22_Dimensions,kenmerken/rubformaths.rubformathsafm,110,breedte,millimeter
c535d6e9-0007-557c-823c-ec7a97bf12e1,tg:rubhs:117_#1,e22_Dimensions,kenmerken/rubformaths.rubformathsafm,5,diepte,millimeter
db7b1405-2050-5109-b6f5-2d94112fe8c2,tg:rubhs:151_#1,e22_Dimensions,kenmerken/rubformaths.rubformathsafm,165,hoogte,millimeter
db7b1405-2050-5109-b6f5-2d94112fe8c2,tg:rubhs:151_#1,e22_Dimensions,kenmerken/rubformaths.rubformathsafm,105,breedte,millimeter
db7b1405-2050-5109-b6f5-2d94112fe8c2,tg:rubhs:151_#1,e22_Dimensions,kenmerken/rubformaths.rubformathsafm,12,diepte,millimeter
0f166e9d-4096-5628-a533-7236debeeb47,tg:rubhs:141_#1,e22_Dimensions,kenmerken/rubformaths.rubformathsafm,157,hoogte,millimeter
0f166e9d-4096-5628-a533-7236debeeb47,tg:rubhs:141_#1,e22_Dimensions,kenmerken/rubformaths.rubformathsafm,100,breedte,millimeter
0f166e9d-4096-5628-a533-7236debeeb47,tg:rubhs:141_#1,e22_Dimensions,kenmerken/rubformaths.rubformathsafm,5,diepte,millimeter
34de7e8d-7340-5e2d-ab81-bbf9b56b21a5,tg:rubhs:133_#1,e22_Dimensions,kenmerken/rubformaths.rubformathsafm,165,hoogte,millimeter
34de7e8d-7340-5e2d-ab81-bbf9b56b21a5,tg:rubhs:133_#1,e22_Dimensions,kenmerken/rubformaths.rubformathsafm,105,breedte,millimeter
34de7e8d-7340-5e2d-ab81-bbf9b56b21a5,tg:rubhs:133_#1,e22_Dimensions,kenmerken/rubformaths.rubformathsafm,7,diepte,millimeter
5738d08e-0140-5924-984e-3068ee85d63e,tg:rubhs:123_#1,e22_Dimensions,kenmerken/rubformaths.rubformathsafm,70,hoogte,millimeter
5738d08e-0140-5924-984e-3068ee85d63e,tg:rubhs:123_#1,e22_Dimensions,kenmerken/rubformaths.rubformathsafm,110,breedte,millimeter
5738d08e-0140-5924-984e-3068ee85d63e,tg:rubhs:123_#1,e22_Dimensions,kenmerken/rubformaths.rubformathsafm,5,diepte,millimeter
83a4b19f-c80d-5ad2-aabe-6ea68f26aa6b,tg:rubhs:68_#1,e22_Dimensions,kenmerken/rubformaths.rubformathsafm,165,hoogte,millimeter
83a4b19f-c80d-5ad2-aabe-6ea68f26aa6b,tg:rubhs:68_#1,e22_Dimensions,kenmerken/rubformaths.rubformathsafm,105,breedte,millimeter
83a4b19f-c80d-5ad2-aabe-6ea68f26aa6b,tg:rubhs:68_#1,e22_Dimensions,kenmerken/rubformaths.rubformathsafm,2,diepte,millimeter
29022d7b-8902-5fa3-b328-9c706d3f8376,tg:rubhs:78_#1,e22_Dimensions,kenmerken/rubformaths.rubformathsafm,165,hoogte,millimeter
29022d7b-8902-5fa3-b328-9c706d3f8376,tg:rubhs:78_#1,e22_Dimensions,kenmerken/rubformaths.rubformathsafm,105,breedte,millimeter
29022d7b-8902-5fa3-b328-9c706d3f8376,tg:rubhs:78_#1,e22_Dimensions,kenmerken/rubformaths.rubformathsafm,3,diepte,millimeter
d8b5bf72-7cbd-586e-838d-90886ab0b882,tg:rubhs:9_#1,e22_Dimensions,kenmerken/rubformaths.rubformathsafm,133,hoogte,millimeter
d8b5bf72-7cbd-586e-838d-90886ab0b882,tg:rubhs:9_#1,e22_Dimensions,kenmerken/rubformaths.rubformathsafm,84,breedte,millimeter
d8b5bf72-7cbd-586e-838d-90886ab0b882,tg:rubhs:9_#1,e22_Dimensions,kenmerken/rubformaths.rubformathsafm,6,diepte,millimeter
2ad1cd0e-861a-5ea9-84e6-5b3e9fff7a81,tg:rubhs:208_#1,e22_Dimensions,kenmerken/rubformaths.rubformathsafm,235,hoogte,millimeter
2ad1cd0e-861a-5ea9-84e6-5b3e9fff7a81,tg:rubhs:208_#1,e22_Dimensions,kenmerken/rubformaths.rubformathsafm,175,breedte,millimeter
2ad1cd0e-861a-5ea9-84e6-5b3e9fff7a81,tg:rubhs:208_#1,e22_Dimensions,kenmerken/rubformaths.rubformathsafm,40,diepte,millimeter
3e8d6af7-23ea-5371-b038-a5134f367cb7,tg:rubhs:35_#1,e22_Dimensions,kenmerken/rubformaths.rubformathsafm,106,hoogte,millimeter
3e8d6af7-23ea-5371-b038-a5134f367cb7,tg:rubhs:35_#1,e22_Dimensions,kenmerken/rubformaths.rubformathsafm,67,breedte,millimeter
3e8d6af7-23ea-5371-b038-a5134f367cb7,tg:rubhs:35_#1,e22_Dimensions,kenmerken/rubformaths.rubformathsafm,5,diepte,millimeter
6b1492e3-51fa-53e0-8cc2-580b0b61fe02,tg:rubhs:25_#1,e22_Dimensions,kenmerken/rubformaths.rubformathsafm,110,hoogte,millimeter
6b1492e3-51fa-53e0-8cc2-580b0b61fe02,tg:rubhs:25_#1,e22_Dimensions,kenmerken/rubformaths.rubformathsafm,75,breedte,millimeter
6b1492e3-51fa-53e0-8cc2-580b0b61fe02,tg:rubhs:25_#1,e22_Dimensions,kenmerken/rubformaths.rubformathsafm,10,diepte,millimeter
11af4609-627e-59a8-8d39-4e0c36f20741,tg:rubhs:57_#1,e22_Dimensions,kenmerken/rubformaths.rubformathsafm,165,hoogte,millimeter
11af4609-627e-59a8-8d39-4e0c36f20741,tg:rubhs:57_#1,e22_Dimensions,kenmerken/rubformaths.rubformathsafm,105,breedte,millimeter
11af4609-627e-59a8-8d39-4e0c36f20741,tg:rubhs:57_#1,e22_Dimensions,kenmerken/rubformaths.rubformathsafm,15,diepte,millimeter
f7b59239-6e5b-5810-917c-71694554a8ce,tg:rubhs:47_#1,e22_Dimensions,kenmerken/rubformaths.rubformathsafm,123,hoogte,millimeter
f7b59239-6e5b-5810-917c-71694554a8ce,tg:rubhs:47_#1,e22_Dimensions,kenmerken/rubformaths.rubformathsafm,85,breedte,millimeter
f7b59239-6e5b-5810-917c-71694554a8ce,tg:rubhs:47_#1,e22_Dimensions,kenmerken/rubformaths.rubformathsafm,20,diepte,millimeter
327319e0-7b76-5daf-97a0-a80e2a27ee99,tg:rubhs:193_#1,e22_Dimensions,kenmerken/rubformaths.rubformathsafm,203,hoogte,millimeter
327319e0-7b76-5daf-97a0-a80e2a27ee99,tg:rubhs:193_#1,e22_Dimensions,kenmerken/rubformaths.rubformathsafm,140,breedte,millimeter
327319e0-7b76-5daf-97a0-a80e2a27ee99,tg:rubhs:193_#1,e22_Dimensions,kenmerken/rubformaths.rubformathsafm,10,diepte,millimeter
05d32546-7bee-5cea-9006-892767c6330e,tg:rubhs:183_#1,e22_Dimensions,kenmerken/rubformaths.rubformathsafm,190,hoogte,millimeter
05d32546-7bee-5cea-9006-892767c6330e,tg:rubhs:183_#1,e22_Dimensions,kenmerken/rubformaths.rubformathsafm,140,breedte,millimeter
05d32546-7bee-5cea-9006-892767c6330e,tg:rubhs:183_#1,e22_Dimensions,kenmerken/rubformaths.rubformathsafm,20,diepte,millimeter
75b4f59d-c74b-54b1-9481-9aa030f29786,tg:rubhs:71_#1,e22_Dimensions,kenmerken/rubformaths.rubformathsafm,165,hoogte,millimeter
75b4f59d-c74b-54b1-9481-9aa030f29786,tg:rubhs:71_#1,e22_Dimensions,kenmerken/rubformaths.rubformathsafm,105,breedte,millimeter
75b4f59d-c74b-54b1-9481-9aa030f29786,tg:rubhs:71_#1,e22_Dimensions,kenmerken/rubformaths.rubformathsafm,3,diepte,millimeter
5cadb8ee-a015-5d15-b772-220dcf425e0b,tg:rubhs:61_#1,e22_Dimensions,kenmerken/rubformaths.rubformathsafm,170,hoogte,millimeter
5cadb8ee-a015-5d15-b772-220dcf425e0b,tg:rubhs:61_#1,e22_Dimensions,kenmerken/rubformaths.rubformathsafm,105,breedte,millimeter
5cadb8ee-a015-5d15-b772-220dcf425e0b,tg:rubhs:61_#1,e22_Dimensions,kenmerken/rubformaths.rubformathsafm,6,diepte,millimeter
a2fc095f-69b2-5fac-868c-651297f3fba2,tg:rubhs:13_#1,e22_Dimensions,kenmerken/rubformaths.rubformathsafm,133,hoogte,millimeter
a2fc095f-69b2-5fac-868c-651297f3fba2,tg:rubhs:13_#1,e22_Dimensions,kenmerken/rubformaths.rubformathsafm,80,breedte,millimeter
a2fc095f-69b2-5fac-868c-651297f3fba2,tg:rubhs:13_#1,e22_Dimensions,kenmerken/rubformaths.rubformathsafm,7,diepte,millimeter
da88d2aa-facc-5716-bdac-74e05b801833,tg:rubhs:148_#1,e22_Dimensions,kenmerken/rubformaths.rubformathsafm,160,hoogte,millimeter
da88d2aa-facc-5716-bdac-74e05b801833,tg:rubhs:148_#1,e22_Dimensions,kenmerken/rubformaths.rubformathsafm,100,breedte,millimeter
da88d2aa-facc-5716-bdac-74e05b801833,tg:rubhs:148_#1,e22_Dimensions,kenmerken/rubformaths.rubformathsafm,20,diepte,millimeter
9e90cbd1-20ae-512d-ba3e-f24f6666c9c9,tg:rubhs:158_#1,e22_Dimensions,kenmerken/rubformaths.rubformathsafm,165,hoogte,millimeter
9e90cbd1-20ae-512d-ba3e-f24f6666c9c9,tg:rubhs:158_#1,e22_Dimensions,kenmerken/rubformaths.rubformathsafm,100,breedte,millimeter
9e90cbd1-20ae-512d-ba3e-f24f6666c9c9,tg:rubhs:158_#1,e22_Dimensions,kenmerken/rubformaths.rubformathsafm,10,diepte,millimeter
c95dd17e-9f64-58eb-98da-6982741d0dc6,tg:rubhs:115_#1,e22_Dimensions,kenmerken/rubformaths.rubformathsafm,165,hoogte,millimeter
c95dd17e-9f64-58eb-98da-6982741d0dc6,tg:rubhs:115_#1,e22_Dimensions,kenmerken/rubformaths.rubformathsafm,105,breedte,millimeter
c95dd17e-9f64-58eb-98da-6982741d0dc6,tg:rubhs:115_#1,e22_Dimensions,kenmerken/rubformaths.rubformathsafm,3,diepte,millimeter
523fc9f1-c0b0-59eb-afde-4b2241ab1fad,tg:rubhs:105_#1,e22_Dimensions,kenmerken/rubformaths.rubformathsafm,170,hoogte,millimeter
523fc9f1-c0b0-59eb-afde-4b2241ab1fad,tg:rubhs:105_#1,e22_Dimensions,kenmerken/rubformaths.rubformathsafm,105,breedte,millimeter
523fc9f1-c0b0-59eb-afde-4b2241ab1fad,tg:rubhs:105_#1,e22_Dimensions,kenmerken/rubformaths.rubformathsafm,3,diepte,millimeter
ba405876-42ce-5588-be13-17ffb41d36ba,tg:rubhs:211_#1,e22_Dimensions,kenmerken/rubformaths.rubformathsafm,247,hoogte,millimeter
ba405876-42ce-5588-be13-17ffb41d36ba,tg:rubhs:211_#1,e22_Dimensions,kenmerken/rubformaths.rubformathsafm,188,breedte,millimeter
ba405876-42ce-5588-be13-17ffb41d36ba,tg:rubhs:211_#1,e22_Dimensions,kenmerken/rubformaths.rubformathsafm,25,diepte,millimeter
f6765b5f-da0e-531d-82b6-633637a5479d,tg:rubhs:201_#1,e22_Dimensions,kenmerken/rubformaths.rubformathsafm,210,hoogte,millimeter
f6765b5f-da0e-531d-82b6-633637a5479d,tg:rubhs:201_#1,e22_Dimensions,kenmerken/rubformaths.rubformathsafm,165,breedte,millimeter
f6765b5f-da0e-531d-82b6-633637a5479d,tg:rubhs:201_#1,e22_Dimensions,kenmerken/rubformaths.rubformathsafm,3,diepte,millimeter
8434871f-a71a-55ec-8407-843696b803f3,tg:rubhs:95_#1,e22_Dimensions,kenmerken/rubformaths.rubformathsafm,190,hoogte,millimeter
8434871f-a71a-55ec-8407-843696b803f3,tg:rubhs:95_#1,e22_Dimensions,kenmerken/rubformaths.rubformathsafm,120,breedte,millimeter
8434871f-a71a-55ec-8407-843696b803f3,tg:rubhs:95_#1,e22_Dimensions,kenmerken/rubformaths.rubformathsafm,5,diepte,millimeter
91cb9802-642a-5a21-b808-23acc66cc145,tg:rubhs:85_#1,e22_Dimensions,kenmerken/rubformaths.rubformathsafm,175,hoogte,millimeter
91cb9802-642a-5a21-b808-23acc66cc145,tg:rubhs:85_#1,e22_Dimensions,kenmerken/rubformaths.rubformathsafm,115,breedte,millimeter
91cb9802-642a-5a21-b808-23acc66cc145,tg:rubhs:85_#1,e22_Dimensions,kenmerken/rubformaths.rubformathsafm,12,diepte,millimeter
0bacabbe-ddde-56a3-a285-540815f2fab2,tg:rubhs:177_#1,e22_Dimensions,kenmerken/rubformaths.rubformathsafm,160,hoogte,millimeter
0bacabbe-ddde-56a3-a285-540815f2fab2,tg:rubhs:177_#1,e22_Dimensions,kenmerken/rubformaths.rubformathsafm,100,breedte,millimeter
0bacabbe-ddde-56a3-a285-540815f2fab2,tg:rubhs:177_#1,e22_Dimensions,kenmerken/rubformaths.rubformathsafm,20,diepte,millimeter
96c355f7-2ab8-57d9-8758-6fc069122ac5,tg:rubhs:167_#1,e22_Dimensions,kenmerken/rubformaths.rubformathsafm,125,hoogte,millimeter
96c355f7-2ab8-57d9-8758-6fc069122ac5,tg:rubhs:167_#1,e22_Dimensions,kenmerken/rubformaths.rubformathsafm,85,breedte,millimeter
96c355f7-2ab8-57d9-8758-6fc069122ac5,tg:rubhs:167_#1,e22_Dimensions,kenmerken/rubformaths.rubformathsafm,5,diepte,millimeter
e6825b42-691e-5fb3-9dc3-292351f02d6d,tg:rubhs:182_#1,e22_Dimensions,kenmerken/rubformaths.rubformathsafm,160,hoogte,millimeter
e6825b42-691e-5fb3-9dc3-292351f02d6d,tg:rubhs:182_#1,e22_Dimensions,kenmerken/rubformaths.rubformathsafm,100,breedte,millimeter
e6825b42-691e-5fb3-9dc3-292351f02d6d,tg:rubhs:182_#1,e22_Dimensions,kenmerken/rubformaths.rubformathsafm,20,diepte,millimeter
b9d634ea-f3ef-52da-ab1f-d2464342cdf3,tg:rubhs:60_#1,e22_Dimensions,kenmerken/rubformaths.rubformathsafm,160,hoogte,millimeter
b9d634ea-f3ef-52da-ab1f-d2464342cdf3,tg:rubhs:60_#1,e22_Dimensions,kenmerken/rubformaths.rubformathsafm,100,breedte,millimeter
b9d634ea-f3ef-52da-ab1f-d2464342cdf3,tg:rubhs:60_#1,e22_Dimensions,kenmerken/rubformaths.rubformathsafm,10,diepte,millimeter
2f8cddc3-d439-5df7-b107-b64376ec7a53,tg:rubhs:70_#1,e22_Dimensions,kenmerken/rubformaths.rubformathsafm,165,hoogte,millimeter
2f8cddc3-d439-5df7-b107-b64376ec7a53,tg:rubhs:70_#1,e22_Dimensions,kenmerken/rubformaths.rubformathsafm,105,breedte,millimeter
2f8cddc3-d439-5df7-b107-b64376ec7a53,tg:rubhs:70_#1,e22_Dimensions,kenmerken/rubformaths.rubformathsafm,2,diepte,millimeter
a53c030c-a34a-5f32-9296-99f7781d758f,tg:rubhs:159_#1,e22_Dimensions,kenmerken/rubformaths.rubformathsafm,170,hoogte,millimeter
a53c030c-a34a-5f32-9296-99f7781d758f,tg:rubhs:159_#1,e22_Dimensions,kenmerken/rubformaths.rubformathsafm,105,breedte,millimeter
a53c030c-a34a-5f32-9296-99f7781d758f,tg:rubhs:159_#1,e22_Dimensions,kenmerken/rubformaths.rubformathsafm,10,diepte,millimeter
7933e8e6-6bae-5909-826c-958a569fc030,tg:rubhs:149_#1,e22_Dimensions,kenmerken/rubformaths.rubformathsafm,175,hoogte,millimeter
7933e8e6-6bae-5909-826c-958a569fc030,tg:rubhs:149_#1,e22_Dimensions,kenmerken/rubformaths.rubformathsafm,115,breedte,millimeter
7933e8e6-6bae-5909-826c-958a569fc030,tg:rubhs:149_#1,e22_Dimensions,kenmerken/rubformaths.rubformathsafm,10,diepte,millimeter
ca99dd6f-1ea4-5b22-986e-dc0ccc849956,tg:rubhs:12_#1,e22_Dimensions,kenmerken/rubformaths.rubformathsafm,133,hoogte,millimeter
ca99dd6f-1ea4-5b22-986e-dc0ccc849956,tg:rubhs:12_#1,e22_Dimensions,kenmerken/rubformaths.rubformathsafm,80,breedte,millimeter
ca99dd6f-1ea4-5b22-986e-dc0ccc849956,tg:rubhs:12_#1,e22_Dimensions,kenmerken/rubformaths.rubformathsafm,7,diepte,millimeter
32f7ba7d-bbed-5150-985f-10e610d7cb66,tg:rubhs:104_#1,e22_Dimensions,kenmerken/rubformaths.rubformathsafm,160,hoogte,millimeter
32f7ba7d-bbed-5150-985f-10e610d7cb66,tg:rubhs:104_#1,e22_Dimensions,kenmerken/rubformaths.rubformathsafm,105,breedte,millimeter
32f7ba7d-bbed-5150-985f-10e610d7cb66,tg:rubhs:104_#1,e22_Dimensions,kenmerken/rubformaths.rubformathsafm,15,diepte,millimeter
506121e0-dec8-5361-8dd3-996af176fb30,tg:rubhs:114_#1,e22_Dimensions,kenmerken/rubformaths.rubformathsafm,160,hoogte,millimeter
506121e0-dec8-5361-8dd3-996af176fb30,tg:rubhs:114_#1,e22_Dimensions,kenmerken/rubformaths.rubformathsafm,100,breedte,millimeter
506121e0-dec8-5361-8dd3-996af176fb30,tg:rubhs:114_#1,e22_Dimensions,kenmerken/rubformaths.rubformathsafm,15,diepte,millimeter
2636be68-8ab5-5b5c-946d-3dc6b62cc625,tg:rubhs:84_#1,e22_Dimensions,kenmerken/rubformaths.rubformathsafm,165,hoogte,millimeter
2636be68-8ab5-5b5c-946d-3dc6b62cc625,tg:rubhs:84_#1,e22_Dimensions,kenmerken/rubformaths.rubformathsafm,110,breedte,millimeter
2636be68-8ab5-5b5c-946d-3dc6b62cc625,tg:rubhs:84_#1,e22_Dimensions,kenmerken/rubformaths.rubformathsafm,5,diepte,millimeter
d5d0f7f4-80dc-5a9f-aaef-db316bc03407,tg:rubhs:94_#1,e22_Dimensions,kenmerken/rubformaths.rubformathsafm,160,hoogte,millimeter
d5d0f7f4-80dc-5a9f-aaef-db316bc03407,tg:rubhs:94_#1,e22_Dimensions,kenmerken/rubformaths.rubformathsafm,100,breedte,millimeter
d5d0f7f4-80dc-5a9f-aaef-db316bc03407,tg:rubhs:94_#1,e22_Dimensions,kenmerken/rubformaths.rubformathsafm,10,diepte,millimeter
05cbda07-04f4-500a-adcc-8029a2baec72,tg:rubhs:200_#1,e22_Dimensions,kenmerken/rubformaths.rubformathsafm,210,hoogte,millimeter
05cbda07-04f4-500a-adcc-8029a2baec72,tg:rubhs:200_#1,e22_Dimensions,kenmerken/rubformaths.rubformathsafm,165,breedte,millimeter
05cbda07-04f4-500a-adcc-8029a2baec72,tg:rubhs:200_#1,e22_Dimensions,kenmerken/rubformaths.rubformathsafm,3,diepte,millimeter
e6c99a73-66ca-5729-a75b-3100e8d5822d,tg:rubhs:210_#1,e22_Dimensions,kenmerken/rubformaths.rubformathsafm,249,hoogte,millimeter
e6c99a73-66ca-5729-a75b-3100e8d5822d,tg:rubhs:210_#1,e22_Dimensions,kenmerken/rubformaths.rubformathsafm,188,breedte,millimeter
e6c99a73-66ca-5729-a75b-3100e8d5822d,tg:rubhs:210_#1,e22_Dimensions,kenmerken/rubformaths.rubformathsafm,15,diepte,millimeter
c6cd2743-fb4b-5b26-b2cf-f1a44335ba56,tg:rubhs:166_#1,e22_Dimensions,kenmerken/rubformaths.rubformathsafm,125,hoogte,millimeter
c6cd2743-fb4b-5b26-b2cf-f1a44335ba56,tg:rubhs:166_#1,e22_Dimensions,kenmerken/rubformaths.rubformathsafm,85,breedte,millimeter
c6cd2743-fb4b-5b26-b2cf-f1a44335ba56,tg:rubhs:166_#1,e22_Dimensions,kenmerken/rubformaths.rubformathsafm,5,diepte,millimeter
bbe84db1-323f-5d08-80c3-4fa68ed743f0,tg:rubhs:176_#1,e22_Dimensions,kenmerken/rubformaths.rubformathsafm,145,hoogte,millimeter
bbe84db1-323f-5d08-80c3-4fa68ed743f0,tg:rubhs:176_#1,e22_Dimensions,kenmerken/rubformaths.rubformathsafm,100,breedte,millimeter
bbe84db1-323f-5d08-80c3-4fa68ed743f0,tg:rubhs:176_#1,e22_Dimensions,kenmerken/rubformaths.rubformathsafm,10,diepte,millimeter
f7ad2e8a-19e7-514e-9ebc-a910d0c8be3b,tg:rubhs:150_#1,e22_Dimensions,kenmerken/rubformaths.rubformathsafm,160,hoogte,millimeter
f7ad2e8a-19e7-514e-9ebc-a910d0c8be3b,tg:rubhs:150_#1,e22_Dimensions,kenmerken/rubformaths.rubformathsafm,100,breedte,millimeter
f7ad2e8a-19e7-514e-9ebc-a910d0c8be3b,tg:rubhs:150_#1,e22_Dimensions,kenmerken/rubformaths.rubformathsafm,10,diepte,millimeter
6e360931-0f53-5122-8a19-48783af5bf3a,tg:rubhs:79_#1,e22_Dimensions,kenmerken/rubformaths.rubformathsafm,165,hoogte,millimeter
6e360931-0f53-5122-8a19-48783af5bf3a,tg:rubhs:79_#1,e22_Dimensions,kenmerken/rubformaths.rubformathsafm,105,breedte,millimeter
6e360931-0f53-5122-8a19-48783af5bf3a,tg:rubhs:79_#1,e22_Dimensions,kenmerken/rubformaths.rubformathsafm,3,diepte,millimeter
43b46744-0739-51c0-b88c-97654a1e6391,tg:rubhs:69_#1,e22_Dimensions,kenmerken/rubformaths.rubformathsafm,165,hoogte,millimeter
43b46744-0739-51c0-b88c-97654a1e6391,tg:rubhs:69_#1,e22_Dimensions,kenmerken/rubformaths.rubformathsafm,105,breedte,millimeter
43b46744-0739-51c0-b88c-97654a1e6391,tg:rubhs:69_#1,e22_Dimensions,kenmerken/rubformaths.rubformathsafm,3,diepte,millimeter
5a198259-4a36-5c9a-b609-105fea4dcb70,tg:rubhs:122_#1,e22_Dimensions,kenmerken/rubformaths.rubformathsafm,70,hoogte,millimeter
5a198259-4a36-5c9a-b609-105fea4dcb70,tg:rubhs:122_#1,e22_Dimensions,kenmerken/rubformaths.rubformathsafm,110,breedte,millimeter
5a198259-4a36-5c9a-b609-105fea4dcb70,tg:rubhs:122_#1,e22_Dimensions,kenmerken/rubformaths.rubformathsafm,5,diepte,millimeter
eaeae0ba-eacf-5a0a-9f60-4592485b84a7,tg:rubhs:132_#1,e22_Dimensions,kenmerken/rubformaths.rubformathsafm,165,hoogte,millimeter
eaeae0ba-eacf-5a0a-9f60-4592485b84a7,tg:rubhs:132_#1,e22_Dimensions,kenmerken/rubformaths.rubformathsafm,105,breedte,millimeter
eaeae0ba-eacf-5a0a-9f60-4592485b84a7,tg:rubhs:132_#1,e22_Dimensions,kenmerken/rubformaths.rubformathsafm,5,diepte,millimeter
f3588c10-fcef-54cd-8bac-2ce640818d00,tg:rubhs:24_#1,e22_Dimensions,kenmerken/rubformaths.rubformathsafm,130,hoogte,millimeter
f3588c10-fcef-54cd-8bac-2ce640818d00,tg:rubhs:24_#1,e22_Dimensions,kenmerken/rubformaths.rubformathsafm,95,breedte,millimeter
f3588c10-fcef-54cd-8bac-2ce640818d00,tg:rubhs:24_#1,e22_Dimensions,kenmerken/rubformaths.rubformathsafm,15,diepte,millimeter
7fa18fd0-1546-5e83-96a0-f39c4f344b05,tg:rubhs:34_#1,e22_Dimensions,kenmerken/rubformaths.rubformathsafm,97,hoogte,millimeter
7fa18fd0-1546-5e83-96a0-f39c4f344b05,tg:rubhs:34_#1,e22_Dimensions,kenmerken/rubformaths.rubformathsafm,66,breedte,millimeter
7fa18fd0-1546-5e83-96a0-f39c4f344b05,tg:rubhs:34_#1,e22_Dimensions,kenmerken/rubformaths.rubformathsafm,8,diepte,millimeter
14419188-cf09-547a-b53f-b06f88500e9b,tg:rubhs:209_#1,e22_Dimensions,kenmerken/rubformaths.rubformathsafm,247,hoogte,millimeter
14419188-cf09-547a-b53f-b06f88500e9b,tg:rubhs:209_#1,e22_Dimensions,kenmerken/rubformaths.rubformathsafm,188,breedte,millimeter
14419188-cf09-547a-b53f-b06f88500e9b,tg:rubhs:209_#1,e22_Dimensions,kenmerken/rubformaths.rubformathsafm,20,diepte,millimeter
2d5edbc7-0201-54f3-9f9a-38ee44ae8557,tg:rubhs:46_#1,e22_Dimensions,kenmerken/rubformaths.rubformathsafm,118,hoogte,millimeter
2d5edbc7-0201-54f3-9f9a-38ee44ae8557,tg:rubhs:46_#1,e22_Dimensions,kenmerken/rubformaths.rubformathsafm,80,breedte,millimeter
2d5edbc7-0201-54f3-9f9a-38ee44ae8557,tg:rubhs:46_#1,e22_Dimensions,kenmerken/rubformaths.rubformathsafm,15,diepte,millimeter
dfbdc721-6ce6-5076-a3ca-97fdf2115eb4,tg:rubhs:56_#1,e22_Dimensions,kenmerken/rubformaths.rubformathsafm,158,hoogte,millimeter
dfbdc721-6ce6-5076-a3ca-97fdf2115eb4,tg:rubhs:56_#1,e22_Dimensions,kenmerken/rubformaths.rubformathsafm,100,breedte,millimeter
dfbdc721-6ce6-5076-a3ca-97fdf2115eb4,tg:rubhs:56_#1,e22_Dimensions,kenmerken/rubformaths.rubformathsafm,10,diepte,millimeter
