ResourceID,brocade.id,card,order,source_field,source_code,Production Technique Type
0ef5f528-2fb1-57a9-a345-86ea406ed4f9,tg:lhob:155_#1,e22_ProductionTechniques,1,kenmerken/lhmateriaalob.lhmateriaalextraob,vlak,lacquering
f48d13f7-508c-5968-9d62-3fabc6d48ae8,tg:lhob:162_#1,e22_ProductionTechniques,1,kenmerken/lhmateriaalob.lhmateriaalextraob,vlak,lacquering
26f7d697-d86c-5c36-974f-7afc73707c20,tg:lhob:156_#1,e22_ProductionTechniques,1,kenmerken/lhmateriaalob.lhmateriaalextraob,vlak,lacquering
926d3968-1271-5a68-b264-aa2821f447a8,tg:lhob:608_#1,e22_ProductionTechniques,1,kenmerken/lhmateriaalob.lhmateriaalextraob,vzil,silvering
5a6d5e19-3a61-5846-ae97-c2cd9c62d0b1,tg:lhob:147_#1,e22_ProductionTechniques,1,kenmerken/lhmateriaalob.lhmateriaalextraob,vlak,lacquering
27932fa3-110c-5323-a1c6-5009f581f87b,tg:lhob:157_#1,e22_ProductionTechniques,1,kenmerken/lhmateriaalob.lhmateriaalextraob,vlak,lacquering
3ae5f281-65a9-50a2-b31e-74bce1f87a4f,tg:lhob:139_#1,e22_ProductionTechniques,1,kenmerken/lhmateriaalob.lhmateriaalextraob,vlak,lacquering
574f26aa-4bde-575b-adc2-a5db8dd99508,tg:lhob:164_#1,e22_ProductionTechniques,1,kenmerken/lhmateriaalob.lhmateriaalextraob,vlak,lacquering
9bf2b66a-95a9-5fb1-8d52-7b20906dc45d,tg:lhob:373_#1,e22_ProductionTechniques,1,kenmerken/lhmateriaalob.lhmateriaalextraob,vzil,silvering
7a4fe41f-badf-5495-8c02-0d215c1bf645,tg:lhob:518_#1,e22_ProductionTechniques,1,kenmerken/lhmateriaalob.lhmateriaalextraob,vzil,silvering
044c796b-3a23-5835-83fe-f6df9dc555bb,tg:lhob:153_#1,e22_ProductionTechniques,1,kenmerken/lhmateriaalaanvob.lhmateriaalextraob,vlak,lacquering
044c796b-3a23-5835-83fe-f6df9dc555bb,tg:lhob:153_#1,e22_ProductionTechniques,1,kenmerken/lhmateriaalob.lhmateriaalextraob,vlak,lacquering
ad0e7aa5-b9a6-5fd4-bbfd-97f4265f68bf,tg:lhob:138_#1,e22_ProductionTechniques,1,kenmerken/lhmateriaalob.lhmateriaalextraob,vlak,lacquering
d425e353-9661-56bd-8e08-c23785a02c33,tg:lhob:175_#1,e22_ProductionTechniques,1,kenmerken/lhmateriaalob.lhmateriaalextraob,vlak,lacquering
2f03d4b9-ad0a-54ea-97da-6477249e5ef9,tg:lhob:151_#1,e22_ProductionTechniques,1,kenmerken/lhmateriaalob.lhmateriaalextraob,vlak,lacquering
7a89a026-42ac-5c93-9b30-82b11b573608,tg:lhob:302_#1,e22_ProductionTechniques,1,kenmerken/lhmateriaalaanvob.lhmateriaalextraob,vlak,lacquering
1deab829-be24-5416-9554-b64c3968e610,tg:lhob:148_#1,e22_ProductionTechniques,1,kenmerken/lhmateriaalob.lhmateriaalextraob,vlak,lacquering
d226ba69-71b1-51fc-8838-b5d8568af8c8,tg:lhob:158_#1,e22_ProductionTechniques,1,kenmerken/lhmateriaalob.lhmateriaalextraob,vlak,lacquering
a46f2a07-b367-5369-8e97-c8152ea48718,tg:lhob:503_#1,e22_ProductionTechniques,1,kenmerken/lhmateriaalob.lhmateriaalextraob,vema,enameling
004cf8c9-09a9-5b07-b2cf-23ed8a451825,tg:lhob:159_#1,e22_ProductionTechniques,1,kenmerken/lhmateriaalob.lhmateriaalextraob,vlak,lacquering
935e7181-928e-54fe-ba21-f66046a0b04d,tg:lhob:149_#1,e22_ProductionTechniques,1,kenmerken/lhmateriaalob.lhmateriaalextraob,vlak,lacquering
be355ae8-235b-572c-bf64-2b536f2f765f,tg:lhob:140_#1,e22_ProductionTechniques,1,kenmerken/lhmateriaalob.lhmateriaalextraob,vlak,lacquering
b1ee8fbd-d85b-5786-b04b-12904d1a4d87,tg:lhob:150_#1,e22_ProductionTechniques,1,kenmerken/lhmateriaalob.lhmateriaalextraob,vlak,lacquering
91b3ec10-99cf-5c3f-b160-41d50a8f609e,tg:lhsc:1120_#1,e22_ProductionTechniques,1,kenmerken/lhtechaanvsc.lhtechtaddsc,xgs,artificial patina
427a9127-5097-52d6-b91e-99d68e5041c2,tg:lhsc:1058_#1,e22_ProductionTechniques,1,kenmerken/lhtechaanvsc.lhtechtaddsc,xgs,artificial patina
c28f722c-5732-5852-9441-501835a40462,tg:lhsc:7341_#1,e22_ProductionTechniques,1,kenmerken/lhtechaanvsc.lhtechtaddsc,xgs,artificial patina
d4a570fc-c05f-5556-8905-fed01699ddcf,tg:lhsc:932_#1,e22_ProductionTechniques,1,kenmerken/lhtechaanvsc.lhtechtaddsc,xpa,artificial patina
fbfc0b22-1220-555c-b31b-48160aa01d5e,tg:lhsc:922_#1,e22_ProductionTechniques,1,kenmerken/lhtechaanvsc.lhtechtaddsc,xpa,artificial patina
87ee18dd-9190-5374-b4e9-bd4a013dc0cd,tg:lhsc:786_#1,e22_ProductionTechniques,1,kenmerken/lhtechaanvsc.lhtechtaddsc,xgs,artificial patina
b3b4ce03-20b0-58f5-ae7d-841a0c0bf708,tg:lhsc:459_#1,e22_ProductionTechniques,1,kenmerken/lhtechaanvsc.lhtechtaddsc,xpa,artificial patina
29efa330-2a11-5630-890d-36fb3fdd647d,tg:lhsc:449_#1,e22_ProductionTechniques,1,kenmerken/lhtechaanvsc.lhtechtaddsc,xgs,artificial patina
ea9df3f8-cbfc-5ce4-ae9a-cc786dba937f,tg:lhsc:1093_#1,e22_ProductionTechniques,1,kenmerken/lhtechaanvsc.lhtechtaddsc,xpa,artificial patina
5b262542-0080-5e4c-ba63-92a7fe349e5a,tg:lhsc:1083_#1,e22_ProductionTechniques,1,kenmerken/lhtechaanvsc.lhtechtaddsc,xgs,artificial patina
b479dc34-92f2-5b7f-8547-a60f3408d45c,tg:lhsc:891_#1,e22_ProductionTechniques,1,kenmerken/lhtechaanvsc.lhtechtaddsc,xpa,artificial patina
503eaa5f-776b-54a3-9191-ef7373135e27,tg:lhsc:828_#1,e22_ProductionTechniques,1,kenmerken/lhtechaanvsc.lhtechtaddsc,xpa,artificial patina
4abb3b84-4ce8-57c0-89be-fbf813c2198c,tg:lhsc:1152_#1,e22_ProductionTechniques,1,kenmerken/lhtechaanvsc.lhtechtaddsc,xpa,artificial patina
3b68db8d-8391-5658-becc-a67fe578f33a,tg:lhsc:678_#1,e22_ProductionTechniques,1,kenmerken/lhtechaanvsc.lhtechtaddsc,xpa,artificial patina
2bcc592e-fbd8-5eb6-b3e6-2ecfd73542ef,tg:lhsc:875_#1,e22_ProductionTechniques,1,kenmerken/lhtechaanvsc.lhtechtaddsc,xpa,artificial patina
8a5a64c8-7b0b-5619-9298-d199eeb89b18,tg:lhsc:865_#1,e22_ProductionTechniques,1,kenmerken/lhtechaanvsc.lhtechtaddsc,xpa,artificial patina
dbe86f56-85af-5709-a32c-a552d3d74f67,tg:lhsc:1077_#1,e22_ProductionTechniques,1,kenmerken/lhtechaanvsc.lhtechtaddsc,xgs,artificial patina
924c5f06-4d9d-534f-9683-67c830aaedee,tg:lhsc:414_#1,e22_ProductionTechniques,1,kenmerken/lhtechaanvsc.lhtechtaddsc,xgs,artificial patina
eecf5988-8bc4-5099-a063-7302143198e2,tg:lhsc:9402_#1,e22_ProductionTechniques,1,kenmerken/lhtechaanvsc.lhtechtaddsc,xpa,artificial patina
fbd6b3b7-6250-5174-8d40-3759c0409b58,tg:lhsc:422_#1,e22_ProductionTechniques,1,kenmerken/lhtechaanvsc.lhtechtaddsc,xgs,artificial patina
052ee5c6-d2e8-533a-867e-37626f32a119,tg:lhsc:744_#1,e22_ProductionTechniques,1,kenmerken/lhtechaanvsc.lhtechtaddsc,xpa,artificial patina
17bbb64a-c381-5fd5-b1cc-cc7307b8fda6,tg:lhsc:898_#1,e22_ProductionTechniques,1,kenmerken/lhtechaanvsc.lhtechtaddsc,xpa,artificial patina
2d507298-8378-58e5-8e55-4c453d65978c,tg:lhsc:685_#1,e22_ProductionTechniques,1,kenmerken/lhtechaanvsc.lhtechtaddsc,xpa,artificial patina
f205c0e8-e0ba-53bd-815b-0cb35f1c8f3d,tg:lhsc:821_#1,e22_ProductionTechniques,1,kenmerken/lhtechaanvsc.lhtechtaddsc,xpa,artificial patina
b04a6c52-0817-5fd4-97a4-1f651f2dd200,tg:lhsc:9386_#1,e22_ProductionTechniques,1,kenmerken/lhtechaanvsc.lhtechtaddsc,xgs,artificial patina
6ea38670-122c-5696-8bbb-6b5c720ac9a2,tg:lhsc:9396_#1,e22_ProductionTechniques,1,kenmerken/lhtechaanvsc.lhtechtaddsc,xpa,artificial patina
ba5877f6-a6af-5b26-9b70-eb92c50ac00e,tg:lhsc:1139_#1,e22_ProductionTechniques,1,kenmerken/lhtechaanvsc.lhtechtaddsc,xpa,artificial patina
cd9653f8-5f62-583a-973a-b73fde1bc27a,tg:lhsc:1041_#1,e22_ProductionTechniques,1,kenmerken/lhtechaanvsc.lhtechtaddsc,xpa,artificial patina
ffe13235-8adb-59f8-813b-b2a76ce8c60c,tg:lhsc:5736_#1,e22_ProductionTechniques,1,kenmerken/lhtechaanvsc.lhtechtaddsc,xpa,artificial patina
a90db8c5-d830-545e-9fb6-c1a8de5c89df,tg:lhsc:982_#1,e22_ProductionTechniques,1,kenmerken/lhtechaanvsc.lhtechtaddsc,xpa,artificial patina
f7da3bd6-d90c-50ea-9a38-d5cc7f786538,tg:lhsc:440_#1,e22_ProductionTechniques,1,kenmerken/lhtechaanvsc.lhtechtaddsc,xgs,artificial patina
ff64a7e8-8c4f-58be-8ff9-fa96a606f75f,tg:lhsc:1190_#1,e22_ProductionTechniques,1,kenmerken/lhtechaanvsc.lhtechtaddsc,xpa,artificial patina
bd6e4816-d073-5923-8b0a-0fe22035dcf3,tg:lhsc:1174_#1,e22_ProductionTechniques,1,kenmerken/lhtechaanvsc.lhtechtaddsc,xgs,artificial patina
2f89f557-b8a8-5213-9178-aa6a5da2195d,tg:lhsc:1164_#1,e22_ProductionTechniques,1,kenmerken/lhtechaanvsc.lhtechtaddsc,xpa,artificial patina
b0a92fef-aba8-5acf-b853-82324b603d5b,tg:lhsc:9372_#1,e22_ProductionTechniques,1,kenmerken/lhtechaanvsc.lhtechtaddsc,xgs,artificial patina
4dfae10b-c1a6-586a-a7e5-1b29d5ae2826,tg:lhsc:1692_#1,e22_ProductionTechniques,1,kenmerken/lhtechaanvsc.lhtechtaddsc,xpa,artificial patina
6e24ed96-865c-5094-99b5-b2402f664cd1,tg:lhsc:719_#1,e22_ProductionTechniques,1,kenmerken/lhtechaanvsc.lhtechtaddsc,xpa,artificial patina
80f9604e-df2d-51df-80c0-b7228a486c0d,tg:lhsc:671_#1,e22_ProductionTechniques,1,kenmerken/lhtechaanvsc.lhtechtaddsc,xpa,artificial patina
cd91cd38-d51f-5f91-8494-9974fc9f28ad,tg:lhsc:914_#1,e22_ProductionTechniques,1,kenmerken/lhtechaanvsc.lhtechtaddsc,xpa,artificial patina
011f54c7-4f57-54c5-81b0-990999dd2002,tg:lhsc:904_#1,e22_ProductionTechniques,1,kenmerken/lhtechaanvsc.lhtechtaddsc,xpa,artificial patina
1ba0beb1-f22a-5bd8-8e1a-1d07cca52bed,tg:lhsc:1308_#1,e22_ProductionTechniques,1,kenmerken/lhtechaanvsc.lhtechtaddsc,xpa,artificial patina
c15d340f-60e8-565a-bb4a-45b0fe1937e8,tg:lhsc:1116_#1,e22_ProductionTechniques,1,kenmerken/lhtechaanvsc.lhtechtaddsc,xpa,artificial patina
f51202e9-4c22-54c7-a2c5-cc332bd295a6,tg:lhsc:1106_#1,e22_ProductionTechniques,1,kenmerken/lhtechaanvsc.lhtechtaddsc,xpa,artificial patina
eb02cfca-3ff7-52bd-aeed-06f49572c7ae,tg:lhsc:5745_#1,e22_ProductionTechniques,1,kenmerken/lhtechaanvsc.lhtechtaddsc,xgs,artificial patina
bdc6ca5c-129c-5d09-a8c9-9569c5dfdaa4,tg:lhsc:820_#1,e22_ProductionTechniques,1,kenmerken/lhtechaanvsc.lhtechtaddsc,xgs,artificial patina
7b0b21b9-14f1-56cd-b669-4399059c1365,tg:lhsc:694_#1,e22_ProductionTechniques,1,kenmerken/lhtechaanvsc.lhtechtaddsc,xpa,artificial patina
2d425bfb-e0ff-5051-a9d6-ed4b8f7571e1,tg:lhsc:684_#1,e22_ProductionTechniques,1,kenmerken/lhtechaanvsc.lhtechtaddsc,xpa,artificial patina
17ee46b2-b2fe-5b24-be57-3e424a82118b,tg:lhsc:1022_#1,e22_ProductionTechniques,1,kenmerken/lhtechaanvsc.lhtechtaddsc,xpa,artificial patina
5b4db85d-7987-51dd-a1de-db509fb357af,tg:lhsc:3017_#1,e22_ProductionTechniques,1,kenmerken/lhtechaanvsc.lhtechtaddsc,xgs,artificial patina
91336410-0882-5f9c-b3eb-b297ba1a1e20,tg:lhsc:433_#1,e22_ProductionTechniques,1,kenmerken/lhtechaanvsc.lhtechtaddsc,xgs,artificial patina
e1beea32-687e-5431-9254-658095ccf7d0,tg:lhsc:423_#1,e22_ProductionTechniques,1,kenmerken/lhtechaanvsc.lhtechtaddsc,xgs,artificial patina
05ea82be-543b-5e93-b96a-1b4f6f34e3b7,tg:lhsc:441_#1,e22_ProductionTechniques,1,kenmerken/lhtechaanvsc.lhtechtaddsc,xgs,artificial patina
618aaff5-8740-5146-8864-4f4cf6c9258a,tg:lhsc:1040_#1,e22_ProductionTechniques,1,kenmerken/lhtechaanvsc.lhtechtaddsc,xpa,artificial patina
d6608efd-f956-53d3-baea-77dae1e221d5,tg:lhsc:1138_#1,e22_ProductionTechniques,1,kenmerken/lhtechaanvsc.lhtechtaddsc,xpa,artificial patina
588d9919-e76c-5495-8bc7-c5df2a0b52ab,tg:lhsc:1128_#1,e22_ProductionTechniques,1,kenmerken/lhtechaanvsc.lhtechtaddsc,xpa,artificial patina
e3f3f11f-7e56-53e9-94d1-159a907e8856,tg:lhsc:852_#1,e22_ProductionTechniques,1,kenmerken/lhtechaanvsc.lhtechtaddsc,xgs,artificial patina
00a3713d-c091-572f-b372-f5971dcd2a5d,tg:lhsc:1597_#1,e22_ProductionTechniques,1,kenmerken/lhtechaanvsc.lhtechtaddsc,xgs,artificial patina
429924ac-8c49-5efc-a8b8-69da507af94a,tg:lhsc:1165_#1,e22_ProductionTechniques,1,kenmerken/lhtechaanvsc.lhtechtaddsc,xpa,artificial patina
88808218-af27-5c77-951b-86825c3fb584,tg:lhsc:1175_#1,e22_ProductionTechniques,1,kenmerken/lhtechaanvsc.lhtechtaddsc,xpa,artificial patina
d8e36da0-ff99-56d1-98f8-be44bc469b75,tg:lhsc:905_#1,e22_ProductionTechniques,1,kenmerken/lhtechaanvsc.lhtechtaddsc,xpa,artificial patina
2ed2278c-ebad-50aa-9aa4-fe8df18fc09d,tg:lhsc:1117_#1,e22_ProductionTechniques,1,kenmerken/lhtechaanvsc.lhtechtaddsc,xpa,artificial patina
dda227e2-f243-5a55-abdb-5746907113ef,tg:lhsc:9373_#1,e22_ProductionTechniques,1,kenmerken/lhtechaanvsc.lhtechtaddsc,xgs,artificial patina
37cb3a63-0b81-5e93-abdb-cc2afbf1f30f,tg:lhsc:718_#1,e22_ProductionTechniques,1,kenmerken/lhtechaanvsc.lhtechtaddsc,xpa,artificial patina
abb3f2a6-3da4-5961-95ad-99bfff2c7e38,tg:lhsc:3385_#1,e22_ProductionTechniques,1,kenmerken/lhtechaanvsc.lhtechtaddsc,xpa,artificial patina
ae55f51a-3f0d-57b5-af87-55f0790a6633,tg:lhsc:1198_#1,e22_ProductionTechniques,1,kenmerken/lhtechaanvsc.lhtechtaddsc,xpa,artificial patina
c721dd13-7d0b-542a-9317-9f6f83ed94ed,tg:lhsc:448_#1,e22_ProductionTechniques,1,kenmerken/lhtechaanvsc.lhtechtaddsc,xgs,artificial patina
60ece476-cd76-56fb-97b5-e07c2301d90f,tg:lhsc:458_#1,e22_ProductionTechniques,1,kenmerken/lhtechaanvsc.lhtechtaddsc,xpa,artificial patina
5773263a-36a0-56ae-bf0d-3bd308f82786,tg:lhsc:1049_#1,e22_ProductionTechniques,1,kenmerken/lhtechaanvsc.lhtechtaddsc,xpa,artificial patina
371e84a1-7391-511a-86cc-3c75b3b530f1,tg:lhsc:787_#1,e22_ProductionTechniques,1,kenmerken/lhtechaanvsc.lhtechtaddsc,xpa,artificial patina
ee16ea79-38a9-531e-9a2d-3261ed9e9d93,tg:lhsc:933_#1,e22_ProductionTechniques,1,kenmerken/lhtechaanvsc.lhtechtaddsc,xpa,artificial patina
e4936b3f-223f-59c5-855a-3b1b66eaafd5,tg:lhsc:839_#1,e22_ProductionTechniques,1,kenmerken/lhtechaanvsc.lhtechtaddsc,xpa,artificial patina
f5fd1bd0-fed5-513c-904b-b826d40eced3,tg:lhsc:1153_#1,e22_ProductionTechniques,1,kenmerken/lhtechaanvsc.lhtechtaddsc,xgs,artificial patina
3ce34279-b226-51ef-b609-81d88a719e05,tg:lhsc:1082_#1,e22_ProductionTechniques,1,kenmerken/lhtechaanvsc.lhtechtaddsc,xpa,artificial patina
99f4eebc-fce1-5afe-81da-59d039c4938f,tg:lhsc:1092_#1,e22_ProductionTechniques,1,kenmerken/lhtechaanvsc.lhtechtaddsc,xpa,artificial patina
c4731e05-8086-503a-9a7c-b1dffb9dec4c,tg:lhsc:890_#1,e22_ProductionTechniques,1,kenmerken/lhtechaanvsc.lhtechtaddsc,xpa,artificial patina
85de17d4-ae51-584a-a911-4fb9d177c416,tg:lhsc:1310_#1,e22_ProductionTechniques,1,kenmerken/lhtechaanvsc.lhtechtaddsc,xpa,artificial patina
2f9ab465-b289-5579-816d-693bb9ce371d,tg:lhsc:874_#1,e22_ProductionTechniques,1,kenmerken/lhtechaanvsc.lhtechtaddsc,xpa,artificial patina
b654ab53-5737-56e6-aaa3-309d0d95d17a,tg:lhsc:1066_#1,e22_ProductionTechniques,1,kenmerken/lhtechaanvsc.lhtechtaddsc,xpa,artificial patina
6cb9610f-4f95-5277-970b-ffb84edcd81b,tg:lhsc:669_#1,e22_ProductionTechniques,1,kenmerken/lhtechaanvsc.lhtechtaddsc,xpa,artificial patina
1759cbb3-bbaf-547f-9daa-5f5c2c0b24aa,tg:lhsc:679_#1,e22_ProductionTechniques,1,kenmerken/lhtechaanvsc.lhtechtaddsc,xpa,artificial patina
c458bcf2-c750-5d2d-9885-0c4de1238702,tg:lhsc:415_#1,e22_ProductionTechniques,1,kenmerken/lhtechaanvsc.lhtechtaddsc,xgs,artificial patina
aa42d23c-fc56-5180-9e50-254320b50971,tg:lhsc:405_#1,e22_ProductionTechniques,1,kenmerken/lhtechaanvsc.lhtechtaddsc,xgs,artificial patina
22208e5e-b7b1-5133-9064-0525bd615da8,tg:lhsc:2206_#1,e22_ProductionTechniques,1,kenmerken/lhtechaanvsc.lhtechtaddsc,xpa,artificial patina
22208e5e-b7b1-5133-9064-0525bd615da8,tg:lhsc:2206_#1,e22_ProductionTechniques,2,kenmerken/lhtechaanvsc.lhtechtaddsc,xpa,artificial patina
0f5fb702-962a-5d7e-9d54-13aef0b299e3,tg:lhsc:1372_#1,e22_ProductionTechniques,1,kenmerken/lhtechaanvsc.lhtechtaddsc,xpa,artificial patina
20f6d9e4-3dc2-52c9-bc65-4109a9ef3b99,tg:lhsc:443_#1,e22_ProductionTechniques,1,kenmerken/lhtechaanvsc.lhtechtaddsc,xgs,artificial patina
b6327b97-5b82-552d-b795-165fea0cf610,tg:lhsc:1193_#1,e22_ProductionTechniques,1,kenmerken/lhtechaanvsc.lhtechtaddsc,xgs,artificial patina
a8ceac16-3aca-5367-95a4-5e11bb384cda,tg:lhsc:981_#1,e22_ProductionTechniques,1,kenmerken/lhtechaanvsc.lhtechtaddsc,xpa,artificial patina
92e2ce8f-7bf9-55ef-af83-12d0e847be69,tg:lhsc:928_#1,e22_ProductionTechniques,1,kenmerken/lhtechaanvsc.lhtechtaddsc,xpa,artificial patina
4691cc3a-1971-5f64-b7db-53311b74e15d,tg:lhsc:938_#1,e22_ProductionTechniques,1,kenmerken/lhtechaanvsc.lhtechtaddsc,xpa,artificial patina
c9a49849-bfce-54b3-807c-dc0871ae97bd,tg:lhsc:840_#1,e22_ProductionTechniques,1,kenmerken/lhtechaanvsc.lhtechtaddsc,xpa,artificial patina
93bd93ee-896a-5c07-897a-d3760f867e00,tg:lhsc:1042_#1,e22_ProductionTechniques,1,kenmerken/lhtechaanvsc.lhtechtaddsc,xpa,artificial patina
55f74218-46eb-54c1-b03e-97b157e1be5c,tg:lhsc:1607_#1,e22_ProductionTechniques,1,kenmerken/lhtechaanvsc.lhtechtaddsc,xgs,artificial patina
477a872e-6fd4-5092-ae7f-8b1fe8028144,tg:lhsc:1030_#1,e22_ProductionTechniques,1,kenmerken/lhtechaanvsc.lhtechtaddsc,xpa,artificial patina
ed0eb00d-af25-59c8-abf7-835f2f4060c8,tg:lhsc:696_#1,e22_ProductionTechniques,1,kenmerken/lhtechaanvsc.lhtechtaddsc,xpa,artificial patina
46042602-a6d2-53e7-a7bd-94adc2c590a5,tg:lhsc:832_#1,e22_ProductionTechniques,1,kenmerken/lhtechaanvsc.lhtechtaddsc,xpa,artificial patina
515ba373-307c-5daf-afe7-42b5b4a01461,tg:lhsc:822_#1,e22_ProductionTechniques,1,kenmerken/lhtechaanvsc.lhtechtaddsc,xpa,artificial patina
e22b16f0-ec34-59e6-a01f-6a0f80a2455d,tg:lhsc:1297_#1,e22_ProductionTechniques,1,kenmerken/lhtechaanvsc.lhtechtaddsc,xpa,artificial patina
748bd8e2-1d7f-5782-a32f-73474af70017,tg:lhsc:757_#1,e22_ProductionTechniques,1,kenmerken/lhtechaanvsc.lhtechtaddsc,xgr,artificial patina
244cee8a-d1ae-5631-9bcf-a960bf65b120,tg:lhsc:9401_#1,e22_ProductionTechniques,1,kenmerken/lhtechaanvsc.lhtechtaddsc,xgs,artificial patina
5b0df80b-1350-5858-a0c8-9fe8fd3459d2,tg:lhsc:1089_#1,e22_ProductionTechniques,1,kenmerken/lhtechaanvsc.lhtechtaddsc,xgs,artificial patina
3fca7710-cf5c-5fc1-9d86-c429c6a8b5ee,tg:lhsc:421_#1,e22_ProductionTechniques,1,kenmerken/lhtechaanvsc.lhtechtaddsc,xgs,artificial patina
750e7437-3ce4-5231-b2cd-8f874b985721,tg:lhsc:14_#1,e22_ProductionTechniques,1,kenmerken/lhtechaanvsc.lhtechtaddsc,xpa,artificial patina
09b718e6-3aee-5f0a-9aff-850af6cbc9c5,tg:lhsc:1105_#1,e22_ProductionTechniques,1,kenmerken/lhtechaanvsc.lhtechtaddsc,xgs,artificial patina
85bfb219-3edf-5dce-8d01-f315768e8204,tg:lhsc:9371_#1,e22_ProductionTechniques,1,kenmerken/lhtechaanvsc.lhtechtaddsc,xgs,artificial patina
c3204bda-c235-5c2f-9234-1247189a6447,tg:lhsc:768_#1,e22_ProductionTechniques,1,kenmerken/lhtechaanvsc.lhtechtaddsc,xpa,artificial patina
f65cc3af-c58e-54d0-9210-d0a96418c90d,tg:lhsc:1177_#1,e22_ProductionTechniques,1,kenmerken/lhtechaanvsc.lhtechtaddsc,xpa,artificial patina
76a64f1e-1058-54d7-b78a-4a5e85ff8b98,tg:lhsc:1029_#1,e22_ProductionTechniques,1,kenmerken/lhtechaanvsc.lhtechtaddsc,xpa,artificial patina
1b49da6c-37f1-556f-a749-81dc64b28a29,tg:lhsc:1151_#1,e22_ProductionTechniques,1,kenmerken/lhtechaanvsc.lhtechtaddsc,xgs,artificial patina
66255ee1-bdf5-5eb0-9ca8-57135c503e5e,tg:lhsc:1039_#1,e22_ProductionTechniques,1,kenmerken/lhtechaanvsc.lhtechtaddsc,xpa,artificial patina
57d9f42f-e89a-5e61-9136-02b00cd9bded,tg:lhsc:953_#1,e22_ProductionTechniques,1,kenmerken/lhtechaanvsc.lhtechtaddsc,xpa,artificial patina
a88ef507-301d-5b0c-a53f-75802eb9ff94,tg:lhsc:882_#1,e22_ProductionTechniques,1,kenmerken/lhtechaanvsc.lhtechtaddsc,xgs,artificial patina
77663688-c98d-5afe-8d47-741b8fdfc07d,tg:lhsc:438_#1,e22_ProductionTechniques,1,kenmerken/lhtechaanvsc.lhtechtaddsc,xgs,artificial patina
b092452a-fbc1-59ea-9f02-224e6309e529,tg:lhsc:1080_#1,e22_ProductionTechniques,1,kenmerken/lhtechaanvsc.lhtechtaddsc,xpa,artificial patina
dcc97577-35fc-553f-9f82-850f49ebe68b,tg:lhsc:428_#1,e22_ProductionTechniques,1,kenmerken/lhtechaanvsc.lhtechtaddsc,xgs,artificial patina
7b6fa026-f76c-5cf5-9c1e-7a99d580d11f,tg:lhsc:654_#1,e22_ProductionTechniques,1,kenmerken/lhtechaanvsc.lhtechtaddsc,xgs,artificial patina
5a62092f-2692-5ce2-9d95-fa1814499854,tg:lhsc:859_#1,e22_ProductionTechniques,1,kenmerken/lhtechaanvsc.lhtechtaddsc,xgs,artificial patina
9b6336b2-ba24-5fb3-96e5-ee4756d4dff8,tg:lhsc:795_#1,e22_ProductionTechniques,1,kenmerken/lhtechaanvsc.lhtechtaddsc,xgs,artificial patina
c20f1356-5e2d-511c-974b-97fb1f446ec7,tg:lhsc:1123_#1,e22_ProductionTechniques,1,kenmerken/lhtechaanvsc.lhtechtaddsc,xpa,artificial patina
65de6d00-f904-5919-9aa7-14a788ed2fc1,tg:lhsc:407_#1,e22_ProductionTechniques,1,kenmerken/lhtechaanvsc.lhtechtaddsc,xgs,artificial patina
fee3a079-66f2-5101-9a01-cd01d92f65d1,tg:lhsc:417_#1,e22_ProductionTechniques,1,kenmerken/lhtechaanvsc.lhtechtaddsc,xpa,artificial patina
3aabcb56-db2e-5a96-a6d0-38b3cd1984cb,tg:lhsc:7949_#1,e22_ProductionTechniques,1,kenmerken/lhtechaanvsc.lhtechtaddsc,xgs,artificial patina
22d748a0-8cce-5d3c-8d65-7c1fb9da8d38,tg:lhsc:1370_#1,e22_ProductionTechniques,1,kenmerken/lhtechaanvsc.lhtechtaddsc,xpa,artificial patina
4c06a74a-5bcc-5c3f-95db-3303fdd22e0b,tg:lhsc:804_#1,e22_ProductionTechniques,1,kenmerken/lhtechaanvsc.lhtechtaddsc,xgs,artificial patina
904994a9-fd05-538d-b502-582550a8f262,tg:lhsc:1074_#1,e22_ProductionTechniques,1,kenmerken/lhtechaanvsc.lhtechtaddsc,xpa,artificial patina
db9d8a4c-e762-56a0-a563-4e223ba6d6b5,tg:lhsc:1064_#1,e22_ProductionTechniques,1,kenmerken/lhtechaanvsc.lhtechtaddsc,xpa,artificial patina
0729c21d-b7e7-5c29-aefb-0de218f069c2,tg:lhsc:703_#1,e22_ProductionTechniques,1,kenmerken/lhtechaanvsc.lhtechtaddsc,xpa,artificial patina
d5b01632-7b50-50f9-ae70-0c837ed88fda,tg:lhsc:713_#1,e22_ProductionTechniques,1,kenmerken/lhtechaanvsc.lhtechtaddsc,xpa,artificial patina
9d0f3f6d-07ad-58ef-b045-96b607e77bf9,tg:lhsc:9368_#1,e22_ProductionTechniques,1,kenmerken/lhtechaanvsc.lhtechtaddsc,xgs,artificial patina
77a7c558-6150-56e9-a532-42ccb1d98420,tg:lhsc:883_#1,e22_ProductionTechniques,1,kenmerken/lhtechaanvsc.lhtechtaddsc,xgs,artificial patina
2a27e9d5-7728-50ef-a57e-c8d1cafae244,tg:lhsc:429_#1,e22_ProductionTechniques,1,kenmerken/lhtechaanvsc.lhtechtaddsc,xgs,artificial patina
6fc7052e-351f-5f63-b238-b1c4b0aa12ba,tg:lhsc:1081_#1,e22_ProductionTechniques,1,kenmerken/lhtechaanvsc.lhtechtaddsc,xpa,artificial patina
cf159635-5454-5a32-a3f0-f7c698947c3d,tg:lhsc:439_#1,e22_ProductionTechniques,1,kenmerken/lhtechaanvsc.lhtechtaddsc,xgs,artificial patina
6d9d4307-bfc1-5672-830d-4c6dc5731350,tg:lhsc:1091_#1,e22_ProductionTechniques,1,kenmerken/lhtechaanvsc.lhtechtaddsc,xgs,artificial patina
cf46df08-c50b-5f35-bed9-b233f4cf1c9c,tg:lhsc:1038_#1,e22_ProductionTechniques,1,kenmerken/lhtechaanvsc.lhtechtaddsc,xpa,artificial patina
08eb3fbe-98a0-5a8b-8da0-a6db9d7a90bf,tg:lhsc:1150_#1,e22_ProductionTechniques,1,kenmerken/lhtechaanvsc.lhtechtaddsc,xgs,artificial patina
483a10a4-2352-57a1-9a08-b1af2e80a7e6,tg:lhsc:1028_#1,e22_ProductionTechniques,1,kenmerken/lhtechaanvsc.lhtechtaddsc,xpa,artificial patina
867b3808-b5ff-51e7-a9fc-87ce70f06b00,tg:lhsc:784_#1,e22_ProductionTechniques,1,kenmerken/lhtechaanvsc.lhtechtaddsc,xpa,artificial patina
96f41c60-8a84-5c0c-aabe-2f68bbd2957d,tg:lhsc:920_#1,e22_ProductionTechniques,1,kenmerken/lhtechaanvsc.lhtechtaddsc,xpa,artificial patina
60c98b55-6696-53f0-acba-e2912f546e19,tg:lhsc:848_#1,e22_ProductionTechniques,1,kenmerken/lhtechaanvsc.lhtechtaddsc,xgs,artificial patina
e6efad8f-4ab6-54b2-b55c-74f2202345d1,tg:lhsc:930_#1,e22_ProductionTechniques,1,kenmerken/lhtechaanvsc.lhtechtaddsc,xpa,artificial patina
30aef333-f388-5b39-83d6-964adf773841,tg:lhsc:805_#1,e22_ProductionTechniques,1,kenmerken/lhtechaanvsc.lhtechtaddsc,xgs,artificial patina
6a1f8b0f-ec06-528c-bab4-21aeac71eadf,tg:lhsc:815_#1,e22_ProductionTechniques,1,kenmerken/lhtechaanvsc.lhtechtaddsc,xpa,artificial patina
93c914bb-f023-5eb3-9648-182199756259,tg:lhsc:1361_#1,e22_ProductionTechniques,1,kenmerken/lhtechaanvsc.lhtechtaddsc,xpa,artificial patina
cd66f0c2-c2cf-5a80-a8f1-da95d277fe23,tg:lhsc:2205_#1,e22_ProductionTechniques,1,kenmerken/lhtechaanvsc.lhtechtaddsc,xpa,artificial patina
d7355ab3-59c6-53e8-b609-8abd84a0df36,tg:lhsc:1017_#1,e22_ProductionTechniques,1,kenmerken/lhtechaanvsc.lhtechtaddsc,xpa,artificial patina
71197f9a-eda0-5a48-a603-1aabfdad48e8,tg:lhsc:416_#1,e22_ProductionTechniques,1,kenmerken/lhtechaanvsc.lhtechtaddsc,xpa,artificial patina
4db0f4ac-fb74-5873-9eb2-d0b0dc4914b1,tg:lhsc:770_#1,e22_ProductionTechniques,1,kenmerken/lhtechaanvsc.lhtechtaddsc,xpa,artificial patina
57d6f413-b636-5b49-9b57-f4bee418ef1f,tg:lhsc:9444_#1,e22_ProductionTechniques,1,kenmerken/lhtechaanvsc.lhtechtaddsc,xpa,artificial patina
f7ed39b7-4707-5158-8800-1f39e266c3d8,tg:lhsc:1689_#1,e22_ProductionTechniques,1,kenmerken/lhtechaanvsc.lhtechtaddsc,xpa,artificial patina
d0e16e82-bbec-54d6-bd4c-018159d42825,tg:lhsc:1075_#1,e22_ProductionTechniques,1,kenmerken/lhtechaanvsc.lhtechtaddsc,xpa,artificial patina
8d1c70d9-f521-541a-a459-3b48651fc21e,tg:lhsc:1303_#1,e22_ProductionTechniques,1,kenmerken/lhtechaanvsc.lhtechtaddsc,xpa,artificial patina
ba8ab537-5e6a-5b23-8993-ad39ffc4b360,tg:lhsc:867_#1,e22_ProductionTechniques,1,kenmerken/lhtechaanvsc.lhtechtaddsc,xpa,artificial patina
d302c9f2-58f2-5474-9b7f-bb81f4efdbf4,tg:lhsc:939_#1,e22_ProductionTechniques,1,kenmerken/lhtechaanvsc.lhtechtaddsc,xpa,artificial patina
167e75e3-7d39-5235-b90a-5553d963060e,tg:lhsc:851_#1,e22_ProductionTechniques,1,kenmerken/lhtechaanvsc.lhtechtaddsc,xgs,artificial patina
8b4d7f22-a6fe-579e-b828-3f40c754f973,tg:lhsc:929_#1,e22_ProductionTechniques,1,kenmerken/lhtechaanvsc.lhtechtaddsc,xpa,artificial patina
616ac272-25c3-59ed-bf29-e7d74852c847,tg:lhsc:1043_#1,e22_ProductionTechniques,1,kenmerken/lhtechaanvsc.lhtechtaddsc,xpa,artificial patina
99548c29-495e-5dd5-a22d-1fe7ec588239,tg:lhsc:1182_#1,e22_ProductionTechniques,1,kenmerken/lhtechaanvsc.lhtechtaddsc,xpa,artificial patina
e27289af-985c-58bd-84b7-1cd4d6b8dffe,tg:lhsc:1192_#1,e22_ProductionTechniques,1,kenmerken/lhtechaanvsc.lhtechtaddsc,xpa,artificial patina
985fbad5-f5ae-5edd-acb9-c1fcd09bbfd1,tg:lhsc:442_#1,e22_ProductionTechniques,1,kenmerken/lhtechaanvsc.lhtechtaddsc,xgs,artificial patina
47f588ec-2b2f-5110-86ba-b76dd3cad170,tg:lhsc:980_#1,e22_ProductionTechniques,1,kenmerken/lhtechaanvsc.lhtechtaddsc,xpa,artificial patina
6ffbfd41-35c4-5d60-bffe-fb528f9206ea,tg:lhsc:756_#1,e22_ProductionTechniques,1,kenmerken/lhtechaanvsc.lhtechtaddsc,xpa,artificial patina
629e5f70-d083-554e-b264-ee69a1247cb5,tg:lhsc:430_#1,e22_ProductionTechniques,1,kenmerken/lhtechaanvsc.lhtechtaddsc,xgs,artificial patina
0e9d71eb-fb4b-56fd-8352-be4afae257d6,tg:lhsc:1088_#1,e22_ProductionTechniques,1,kenmerken/lhtechaanvsc.lhtechtaddsc,xpa,artificial patina
a52b8f50-9fcb-5386-87ec-ff446eccceb0,tg:lhsc:1159_#1,e22_ProductionTechniques,1,kenmerken/lhtechaanvsc.lhtechtaddsc,xpa,artificial patina
084ade90-8813-5335-ade8-60304261e763,tg:lhsc:1021_#1,e22_ProductionTechniques,1,kenmerken/lhtechaanvsc.lhtechtaddsc,xpa,artificial patina
8b381bd3-6386-5d61-a568-d02c81258c58,tg:lhsc:1149_#1,e22_ProductionTechniques,1,kenmerken/lhtechaanvsc.lhtechtaddsc,xgs,artificial patina
7aabe644-db77-53e8-971c-e580261d7a14,tg:lhsc:823_#1,e22_ProductionTechniques,1,kenmerken/lhtechaanvsc.lhtechtaddsc,xgs,artificial patina
2b63f73c-d52f-5eea-badb-0c6b69b70a3a,tg:lhsc:697_#1,e22_ProductionTechniques,1,kenmerken/lhtechaanvsc.lhtechtaddsc,xpa,artificial patina
707acebe-3bc3-58c4-bc3a-0696bc4fe811,tg:lhsc:1357_#1,e22_ProductionTechniques,1,kenmerken/lhtechaanvsc.lhtechtaddsc,xpa,artificial patina
46544ad1-6cad-5216-a265-4ab1d36bee94,tg:lhsc:663_#1,e22_ProductionTechniques,1,kenmerken/lhtechaanvsc.lhtechtaddsc,xgs,artificial patina
1abea5dd-7adf-5873-9812-5ff8928b1eb0,tg:lhsc:9370_#1,e22_ProductionTechniques,1,kenmerken/lhtechaanvsc.lhtechtaddsc,xgs,artificial patina
e07b2213-dca7-559d-948c-948f2af2a46d,tg:lhsc:1104_#1,e22_ProductionTechniques,1,kenmerken/lhtechaanvsc.lhtechtaddsc,xpa,artificial patina
d49c8bad-fdd8-5559-834f-528fd23b63fd,tg:lhsc:916_#1,e22_ProductionTechniques,1,kenmerken/lhtechaanvsc.lhtechtaddsc,xpa,artificial patina
1ce59d11-a493-5271-be47-334a66e78c68,tg:lhsc:964_#1,e22_ProductionTechniques,1,kenmerken/lhtechaanvsc.lhtechtaddsc,xpa,artificial patina
acdbea09-d8a2-56a6-bc8a-df0e230a60a4,tg:lhsc:974_#1,e22_ProductionTechniques,1,kenmerken/lhtechaanvsc.lhtechtaddsc,xpa,artificial patina
7ea26d45-4da1-5ca0-8860-095d53e073e8,tg:lhsc:1368_#1,e22_ProductionTechniques,1,kenmerken/lhtechaanvsc.lhtechtaddsc,xpa,artificial patina
959e115b-cdd4-5d8f-9af2-ce24c54e9137,tg:lhsc:1176_#1,e22_ProductionTechniques,1,kenmerken/lhtechaanvsc.lhtechtaddsc,xgs,artificial patina
da6f02e0-4a68-5e61-a203-6624ec505e16,tg:lhsc:779_#1,e22_ProductionTechniques,1,kenmerken/lhtechaanvsc.lhtechtaddsc,xpa,artificial patina
d7eac552-6315-5b04-8ed9-01807e270cd5,tg:lhsc:666_#1,e22_ProductionTechniques,1,kenmerken/lhtechaanvsc.lhtechtaddsc,xpa,artificial patina
740d5137-8c1d-5294-ba38-1683af004796,tg:lhsc:676_#1,e22_ProductionTechniques,1,kenmerken/lhtechaanvsc.lhtechtaddsc,xpa,artificial patina
d31c4d95-fe9b-5d60-bac4-358dc7992ceb,tg:lhsc:913_#1,e22_ProductionTechniques,1,kenmerken/lhtechaanvsc.lhtechtaddsc,xpa,artificial patina
fa6e9231-144f-5c4e-939e-18724e2142f5,tg:lhsc:903_#1,e22_ProductionTechniques,1,kenmerken/lhtechaanvsc.lhtechtaddsc,xpa,artificial patina
dc9d8f74-ae8b-5288-b032-d465b2ad6612,tg:lhsc:1069_#1,e22_ProductionTechniques,1,kenmerken/lhtechaanvsc.lhtechtaddsc,xpa,artificial patina
08d3afb9-5fe7-5b35-91b6-6c8daa077579,tg:lhsc:1101_#1,e22_ProductionTechniques,1,kenmerken/lhtechaanvsc.lhtechtaddsc,xpa,artificial patina
ac580614-11b2-558e-8628-815b7444700d,tg:lhsc:1079_#1,e22_ProductionTechniques,1,kenmerken/lhtechaanvsc.lhtechtaddsc,xgs,artificial patina
31e6e19b-c54e-5a70-b5e2-52a3b5b30bd9,tg:lhsc:1173_#1,e22_ProductionTechniques,1,kenmerken/lhtechaanvsc.lhtechtaddsc,xpa,artificial patina
92b9ef41-703f-52c2-b24e-08ba487827a5,tg:lhsc:1163_#1,e22_ProductionTechniques,1,kenmerken/lhtechaanvsc.lhtechtaddsc,xpa,artificial patina
68b32ab3-b644-53b3-b1b8-38f07731897d,tg:lhsc:809_#1,e22_ProductionTechniques,1,kenmerken/lhtechaanvsc.lhtechtaddsc,xpa,artificial patina
b8900495-633a-580e-b83f-c1204e952305,tg:lhsc:788_#1,e22_ProductionTechniques,1,kenmerken/lhtechaanvsc.lhtechtaddsc,xpa,artificial patina
b0aedc37-3f14-5e4e-82d0-ff71d585c26a,tg:lhsc:854_#1,e22_ProductionTechniques,1,kenmerken/lhtechaanvsc.lhtechtaddsc,xgs,artificial patina
8fd3a136-7775-5dde-a5a3-cb64f3e1e2ad,tg:lhsc:844_#1,e22_ProductionTechniques,1,kenmerken/lhtechaanvsc.lhtechtaddsc,xpa,artificial patina
168bc3f3-2fd5-5d44-aa3a-e68c4c0ef7e4,tg:lhsc:721_#1,e22_ProductionTechniques,1,kenmerken/lhtechaanvsc.lhtechtaddsc,xpa,artificial patina
5d60552f-11d8-52ef-bebb-10b798bbb33a,tg:lhsc:731_#1,e22_ProductionTechniques,1,kenmerken/lhtechaanvsc.lhtechtaddsc,xpa,artificial patina
c9052d05-f396-5706-8e88-78b3f26eaff2,tg:lhsc:447_#1,e22_ProductionTechniques,1,kenmerken/lhtechaanvsc.lhtechtaddsc,xpa,artificial patina
c1123539-8277-5ee1-99a3-469ea001a1a7,tg:lhsc:1187_#1,e22_ProductionTechniques,1,kenmerken/lhtechaanvsc.lhtechtaddsc,xpa,artificial patina
15bf9319-3f5f-5112-b349-50796eb9b8d3,tg:lhsc:457_#1,e22_ProductionTechniques,1,kenmerken/lhtechaanvsc.lhtechtaddsc,xpa,artificial patina
8481634b-7db3-5618-b8e3-f9942b16f8c9,tg:lhsc:425_#1,e22_ProductionTechniques,1,kenmerken/lhtechaanvsc.lhtechtaddsc,xpa,artificial patina
9f99bb35-cdbc-5a58-a89b-a5f38cd9dbbe,tg:lhsc:435_#1,e22_ProductionTechniques,1,kenmerken/lhtechaanvsc.lhtechtaddsc,xgs,artificial patina
148ed042-9d31-5a4c-b2b4-20b2981e1e4f,tg:lhsc:9415_#1,e22_ProductionTechniques,1,kenmerken/lhtechaanvsc.lhtechtaddsc,xpa,artificial patina
67597938-42c5-5a9d-81cb-7693b5b7b262,tg:lhsc:9405_#1,e22_ProductionTechniques,1,kenmerken/lhtechaanvsc.lhtechtaddsc,xgs,artificial patina
a9ca871a-3de9-567e-b6b4-37976b464ad9,tg:lhsc:743_#1,e22_ProductionTechniques,1,kenmerken/lhtechaanvsc.lhtechtaddsc,xpa,artificial patina
e88b93f7-405a-5ef7-ae5b-fb00733dec80,tg:lhsc:5743_#1,e22_ProductionTechniques,1,kenmerken/lhtechaanvsc.lhtechtaddsc,xgs,artificial patina
a4f6a9e6-194f-57bf-9c00-6bb1bac82ea0,tg:lhsc:682_#1,e22_ProductionTechniques,1,kenmerken/lhtechaanvsc.lhtechtaddsc,xgs,artificial patina
a93a48a0-d1e4-5062-ab4a-c75713e43704,tg:lhsc:1024_#1,e22_ProductionTechniques,1,kenmerken/lhtechaanvsc.lhtechtaddsc,xpa,artificial patina
7efb0d56-733b-501f-8493-376d716be84a,tg:lhsc:810_#1,e22_ProductionTechniques,1,kenmerken/lhtechaanvsc.lhtechtaddsc,xgs,artificial patina
7e88a998-8380-5821-b5e9-4542b8f7c993,tg:lhsc:968_#1,e22_ProductionTechniques,1,kenmerken/lhtechaanvsc.lhtechtaddsc,xpa,artificial patina
62b716fb-941b-5c42-af20-39e994c4b961,tg:lhsc:800_#1,e22_ProductionTechniques,1,kenmerken/lhtechaanvsc.lhtechtaddsc,xpa,artificial patina
399730dc-0f81-5bb6-b01f-ea675b62998c,tg:lhsc:978_#1,e22_ProductionTechniques,1,kenmerken/lhtechaanvsc.lhtechtaddsc,xpa,artificial patina
491d079b-08db-5e7d-9430-f5cd6701d856,tg:lhsc:413_#1,e22_ProductionTechniques,1,kenmerken/lhtechaanvsc.lhtechtaddsc,xgs,artificial patina
4a99b7b6-8074-58b2-adb4-d7dfe43104b7,tg:lhsc:9441_#1,e22_ProductionTechniques,1,kenmerken/lhtechaanvsc.lhtechtaddsc,xpa,artificial patina
17e7a8bc-7300-53b3-b900-3f45ed63c864,tg:lhsc:717_#1,e22_ProductionTechniques,1,kenmerken/lhtechaanvsc.lhtechtaddsc,xpa,artificial patina
87b79bee-cdc8-541d-8699-77f993ec5988,tg:lhsc:872_#1,e22_ProductionTechniques,1,kenmerken/lhtechaanvsc.lhtechtaddsc,xpa,artificial patina
7ea1080e-261b-57e3-ac92-d37eb0e285a7,tg:lhsc:862_#1,e22_ProductionTechniques,1,kenmerken/lhtechaanvsc.lhtechtaddsc,xpa,artificial patina
529adf8d-f465-5e0c-9905-8ff8e31fb748,tg:lhsc:7201_#1,e22_ProductionTechniques,1,kenmerken/lhtechaanvsc.lhtechtaddsc,xgs,artificial patina
aa4d556d-3856-595b-80a5-48b7e2a57858,tg:lhsc:1108_#1,e22_ProductionTechniques,1,kenmerken/lhtechaanvsc.lhtechtaddsc,xgs,artificial patina
68bcea79-5ca1-54bb-934b-bb6c0b2a33eb,tg:lhsc:1060_#1,e22_ProductionTechniques,1,kenmerken/lhtechaanvsc.lhtechtaddsc,xpa,artificial patina
d00401b2-87df-5f99-aeb5-fd4bd2ae2b8a,tg:lhsc:1094_#1,e22_ProductionTechniques,1,kenmerken/lhtechaanvsc.lhtechtaddsc,xpa,artificial patina
3d117789-daea-5fc6-8c94-267cc8e1e946,tg:lhsc:1084_#1,e22_ProductionTechniques,1,kenmerken/lhtechaanvsc.lhtechtaddsc,xgs,artificial patina
d6a14d0a-4112-5210-a1f5-5b932b0445c1,tg:lhsc:886_#1,e22_ProductionTechniques,1,kenmerken/lhtechaanvsc.lhtechtaddsc,xpa,artificial patina
e7d7ee72-9900-5f86-80fc-56452fdbf9e4,tg:lhsc:957_#1,e22_ProductionTechniques,1,kenmerken/lhtechaanvsc.lhtechtaddsc,xpa,artificial patina
a1e7575e-283c-5144-9b8b-3a1bedc0f8f6,tg:lhsc:9398_#1,e22_ProductionTechniques,1,kenmerken/lhtechaanvsc.lhtechtaddsc,xgs,artificial patina
4cfd3c54-7c3d-5e34-902c-7e4767b41299,tg:lhsc:1137_#1,e22_ProductionTechniques,1,kenmerken/lhtechaanvsc.lhtechtaddsc,xpa,artificial patina
5cb799d7-73fb-5953-b6ff-b6dd7681e2c5,tg:lhsc:791_#1,e22_ProductionTechniques,1,kenmerken/lhtechaanvsc.lhtechtaddsc,xpa,artificial patina
524311aa-5156-56bc-a92c-cbce97ed6ef1,tg:lhsc:935_#1,e22_ProductionTechniques,1,kenmerken/lhtechaanvsc.lhtechtaddsc,xpa,artificial patina
f0315f8c-03fc-52df-99d2-f17179489ef2,tg:lhsc:5738_#1,e22_ProductionTechniques,1,kenmerken/lhtechaanvsc.lhtechtaddsc,xpa,artificial patina
005a5b2d-8288-59a3-beef-b164f087713c,tg:lhsc:728_#1,e22_ProductionTechniques,1,kenmerken/lhtechaanvsc.lhtechtaddsc,xpa,artificial patina
f9de22a4-d9f6-5827-b9e8-2a6a16745f01,tg:lhsc:412_#1,e22_ProductionTechniques,1,kenmerken/lhtechaanvsc.lhtechtaddsc,xpa,artificial patina
bf072908-9ef2-5c7d-9388-880deb8e1419,tg:lhsc:801_#1,e22_ProductionTechniques,1,kenmerken/lhtechaanvsc.lhtechtaddsc,xpa,artificial patina
a71f8663-a99c-53f4-80f3-671bf9338399,tg:lhsc:811_#1,e22_ProductionTechniques,1,kenmerken/lhtechaanvsc.lhtechtaddsc,xpa,artificial patina
8bc7938b-70a9-5a30-842f-86dd859518e3,tg:lhsc:863_#1,e22_ProductionTechniques,1,kenmerken/lhtechaanvsc.lhtechtaddsc,xpa,artificial patina
c0e84d37-a56d-5863-9655-484fdc886688,tg:lhsc:873_#1,e22_ProductionTechniques,1,kenmerken/lhtechaanvsc.lhtechtaddsc,xpa,artificial patina
4e9992a4-b5ed-56fb-beb1-82ddd0087f0a,tg:lhsc:1317_#1,e22_ProductionTechniques,1,kenmerken/lhtechaanvsc.lhtechtaddsc,xpa,artificial patina
d17ce63f-a794-518b-a4f4-09a9af24f32b,tg:lhsc:1061_#1,e22_ProductionTechniques,1,kenmerken/lhtechaanvsc.lhtechtaddsc,xgs,artificial patina
0f50d945-283d-5eed-88f3-91dc9634551f,tg:lhsc:1119_#1,e22_ProductionTechniques,1,kenmerken/lhtechaanvsc.lhtechtaddsc,xgs,artificial patina
25052abe-c8e3-5ac3-916d-6ec9db9d0c73,tg:lhsc:9440_#1,e22_ProductionTechniques,1,kenmerken/lhtechaanvsc.lhtechtaddsc,xpa,artificial patina
4c616200-eb11-51bb-977e-78bbf7f64c78,tg:lhsc:4922_#1,e22_ProductionTechniques,1,kenmerken/lhtechaanvsc.lhtechtaddsc,xpa,artificial patina
efc11a43-7706-509f-ab61-2056186f6132,tg:lhsc:716_#1,e22_ProductionTechniques,1,kenmerken/lhtechaanvsc.lhtechtaddsc,xpa,artificial patina
b617752a-5feb-5abc-b2c2-e39e06bc80c2,tg:lhsc:706_#1,e22_ProductionTechniques,1,kenmerken/lhtechaanvsc.lhtechtaddsc,xpa,artificial patina
87315d08-3807-5ccb-91dd-3c15b86a4c1d,tg:lhsc:1144_#1,e22_ProductionTechniques,1,kenmerken/lhtechaanvsc.lhtechtaddsc,xgs,artificial patina
090aa3db-92a0-5c8c-bab3-0428231e3727,tg:lhsc:55_#1,e22_ProductionTechniques,1,kenmerken/lhtechaanvsc.lhtechtaddsc,xpa,artificial patina
fb39de7d-c230-5dbe-a8c3-5cbe1a0ac9d4,tg:lhsc:1154_#1,e22_ProductionTechniques,1,kenmerken/lhtechaanvsc.lhtechtaddsc,xpa,artificial patina
422bb113-264f-508a-9d47-135037c78c42,tg:lhsc:9330_#1,e22_ProductionTechniques,1,kenmerken/lhtechaanvsc.lhtechtaddsc,xgs,artificial patina
1dadeaf1-914d-5c51-a052-2e4ac5d2ca08,tg:lhsc:1085_#1,e22_ProductionTechniques,1,kenmerken/lhtechaanvsc.lhtechtaddsc,xpa,artificial patina
2fc25530-5850-577d-bd43-a91550029000,tg:lhsc:1095_#1,e22_ProductionTechniques,1,kenmerken/lhtechaanvsc.lhtechtaddsc,xpa,artificial patina
a5729a69-5a17-5667-a83e-b2408f5ba195,tg:lhsc:887_#1,e22_ProductionTechniques,1,kenmerken/lhtechaanvsc.lhtechtaddsc,xpa,artificial patina
ad5fe017-8b0c-5425-a644-bb5ab6bb4de6,tg:lhsc:897_#1,e22_ProductionTechniques,1,kenmerken/lhtechaanvsc.lhtechtaddsc,xpa,artificial patina
8d9f476f-4d70-5fae-84fe-b1c7b6ddf4f5,tg:lhsc:729_#1,e22_ProductionTechniques,1,kenmerken/lhtechaanvsc.lhtechtaddsc,xpa,artificial patina
7ee6feee-0bf5-5ff9-b573-121fb93e2adf,tg:lhsc:6938_#1,e22_ProductionTechniques,1,kenmerken/lhtechaanvsc.lhtechtaddsc,xpa,artificial patina
a64f375b-37ec-55b8-a808-7c20d1c0475d,tg:lhsc:1126_#1,e22_ProductionTechniques,1,kenmerken/lhtechaanvsc.lhtechtaddsc,xpa,artificial patina
3516ec26-a210-560d-bfa6-1d33b2016efe,tg:lhsc:1136_#1,e22_ProductionTechniques,1,kenmerken/lhtechaanvsc.lhtechtaddsc,xpa,artificial patina
29c9e795-a7a5-5c24-b6e5-a9019e331b27,tg:lhsc:902_#1,e22_ProductionTechniques,1,kenmerken/lhtechaanvsc.lhtechtaddsc,xpa,artificial patina
86acd6ee-49c7-5b2c-baf4-a6c25c37024b,tg:lhsc:912_#1,e22_ProductionTechniques,1,kenmerken/lhtechaanvsc.lhtechtaddsc,xpa,artificial patina
dca16101-dc18-552c-9bd8-bb5584b985c4,tg:lhsc:1276_#1,e22_ProductionTechniques,1,kenmerken/lhtechaanvsc.lhtechtaddsc,xpa,artificial patina
a9eb683c-0969-588a-8f65-a20c0c766508,tg:lhsc:1100_#1,e22_ProductionTechniques,1,kenmerken/lhtechaanvsc.lhtechtaddsc,xpa,artificial patina
ec097d6c-de14-5c47-bcd4-e59a70022cff,tg:lhsc:1068_#1,e22_ProductionTechniques,1,kenmerken/lhtechaanvsc.lhtechtaddsc,xgs,artificial patina
82600d44-b5d0-57d7-8048-6940455cfb10,tg:lhsc:677_#1,e22_ProductionTechniques,1,kenmerken/lhtechaanvsc.lhtechtaddsc,xpa,artificial patina
143216bb-25cd-5f2e-bc4e-42443f215206,tg:lhsc:667_#1,e22_ProductionTechniques,1,kenmerken/lhtechaanvsc.lhtechtaddsc,xps,artificial patina
081051a0-1247-5aab-a807-9a2a41578bc8,tg:lhsc:1162_#1,e22_ProductionTechniques,1,kenmerken/lhtechaanvsc.lhtechtaddsc,xgs,artificial patina
c3add264-2d94-5407-81dc-530476588fb4,tg:lhsc:1172_#1,e22_ProductionTechniques,1,kenmerken/lhtechaanvsc.lhtechtaddsc,xgs,artificial patina
159af83d-e7ab-5fc8-bc19-dd5ec8b2beca,tg:lhsc:1204_#1,e22_ProductionTechniques,1,kenmerken/lhtechaanvsc.lhtechtaddsc,xpa,artificial patina
2cef2b50-6110-568b-b191-5dbee595254f,tg:lhsc:808_#1,e22_ProductionTechniques,1,kenmerken/lhtechaanvsc.lhtechtaddsc,xpa,artificial patina
38840fe8-147b-538c-8cdb-bf2e53ec5db3,tg:lhsc:730_#1,e22_ProductionTechniques,1,kenmerken/lhtechaanvsc.lhtechtaddsc,xpa,artificial patina
5f0751a0-0b34-556f-87fd-4d280b37b6af,tg:lhsc:720_#1,e22_ProductionTechniques,1,kenmerken/lhtechaanvsc.lhtechtaddsc,xpa,artificial patina
7a974fdc-bcc0-5fdb-84e3-d1eb36d008c5,tg:lhsc:456_#1,e22_ProductionTechniques,1,kenmerken/lhtechaanvsc.lhtechtaddsc,xgs,artificial patina
eb8ba2f9-eb7e-510a-b083-64af2fe25558,tg:lhsc:1186_#1,e22_ProductionTechniques,1,kenmerken/lhtechaanvsc.lhtechtaddsc,xpa,artificial patina
b27b8bf8-83d8-528c-b455-d30c273cf5f8,tg:lhsc:446_#1,e22_ProductionTechniques,1,kenmerken/lhtechaanvsc.lhtechtaddsc,xpa,artificial patina
2969c4f6-c9c1-5e50-b73f-7750f86206bb,tg:lhsc:1196_#1,e22_ProductionTechniques,1,kenmerken/lhtechaanvsc.lhtechtaddsc,xpa,artificial patina
b43a6502-7163-5c46-a3c5-54bf7a6161d7,tg:lhsc:1047_#1,e22_ProductionTechniques,1,kenmerken/lhtechaanvsc.lhtechtaddsc,xpa,artificial patina
10098c18-9925-531f-9e2b-97d8b8a5515c,tg:lhsc:789_#1,e22_ProductionTechniques,1,kenmerken/lhtechaanvsc.lhtechtaddsc,xpa,artificial patina
08371283-2997-53b0-add8-a66fc8d9c99f,tg:lhsc:693_#1,e22_ProductionTechniques,1,kenmerken/lhtechaanvsc.lhtechtaddsc,xpa,artificial patina
a1402c15-6b76-58ff-9064-52451cefd400,tg:lhsc:683_#1,e22_ProductionTechniques,1,kenmerken/lhtechaanvsc.lhtechtaddsc,xpa,artificial patina
6ceae36f-b1f2-5161-a8ef-b5f4a9db8fcc,tg:lhsc:827_#1,e22_ProductionTechniques,1,kenmerken/lhtechaanvsc.lhtechtaddsc,xgs,artificial patina
147c6248-0a3c-566f-9623-31b294c29af2,tg:lhsc:9404_#1,e22_ProductionTechniques,1,kenmerken/lhtechaanvsc.lhtechtaddsc,xpa,artificial patina
42d70023-4690-5855-a959-1ac9365dc410,tg:lhsc:9414_#1,e22_ProductionTechniques,1,kenmerken/lhtechaanvsc.lhtechtaddsc,xpa,artificial patina
9d897a0b-73f3-5445-acb1-cdf73785d8af,tg:lhsc:434_#1,e22_ProductionTechniques,1,kenmerken/lhtechaanvsc.lhtechtaddsc,xgs,artificial patina
aa55bac4-5cca-560f-9544-7ea718fc5d72,tg:lhsc:424_#1,e22_ProductionTechniques,1,kenmerken/lhtechaanvsc.lhtechtaddsc,xpa,artificial patina
844f0fcb-9908-5dcc-9998-a09eb9416901,tg:lhsc:752_#1,e22_ProductionTechniques,1,kenmerken/lhtechaanvsc.lhtechtaddsc,xpa,artificial patina
cd681d53-e593-5298-9219-980e6fada58f,tg:lhsc:742_#1,e22_ProductionTechniques,1,kenmerken/lhtechaanvsc.lhtechtaddsc,xpa,artificial patina
3ec06848-3803-50bf-b91c-c187233ff623,tg:lhsc:7202_#1,e22_ProductionTechniques,1,kenmerken/lhtechaanvsc.lhtechtaddsc,xgs,artificial patina
5bb87133-5a30-5832-8c7b-9568dee72987,tg:lhsc:1073_#1,e22_ProductionTechniques,1,kenmerken/lhtechaanvsc.lhtechtaddsc,xpa,artificial patina
86bbe803-b393-5da1-9acc-36d370b272d6,tg:lhsc:1063_#1,e22_ProductionTechniques,1,kenmerken/lhtechaanvsc.lhtechtaddsc,xpa,artificial patina
21cfd4cd-042b-556d-ac94-c438bf25959f,tg:lhsc:909_#1,e22_ProductionTechniques,1,kenmerken/lhtechaanvsc.lhtechtaddsc,xpa,artificial patina
7f78eef3-ba63-5dc0-867c-6e2eec59aa9e,tg:lhsc:871_#1,e22_ProductionTechniques,1,kenmerken/lhtechaanvsc.lhtechtaddsc,xgs,artificial patina
6f158109-287b-5e5e-9ea8-eb531e1454ee,tg:lhsc:9442_#1,e22_ProductionTechniques,1,kenmerken/lhtechaanvsc.lhtechtaddsc,xpa,artificial patina
47fc5e03-7a8a-50b5-a505-0aa219a36b79,tg:lhsc:9420_#1,e22_ProductionTechniques,1,kenmerken/lhtechaanvsc.lhtechtaddsc,xgs,artificial patina
dfd5feb7-9ff8-56cc-9ff0-47c366fab3d3,tg:lhsc:766_#1,e22_ProductionTechniques,1,kenmerken/lhtechaanvsc.lhtechtaddsc,xpa,artificial patina
d06f48be-0b0d-5493-85b3-450751344c20,tg:lhsc:813_#1,e22_ProductionTechniques,1,kenmerken/lhtechaanvsc.lhtechtaddsc,xpa,artificial patina
0e9f14e2-703d-58fa-bcb3-dec6df2081f5,tg:lhsc:1011_#1,e22_ProductionTechniques,1,kenmerken/lhtechaanvsc.lhtechtaddsc,xpa,artificial patina
4582d766-1007-53fb-a853-62b4135fb1f7,tg:lhsc:1242_#1,e22_ProductionTechniques,1,kenmerken/lhtechaanvsc.lhtechtaddsc,xps,artificial patina
5e27e647-e029-514a-9971-663df96978a8,tg:lhsc:792_#1,e22_ProductionTechniques,1,kenmerken/lhtechaanvsc.lhtechtaddsc,xpa,artificial patina
1e251bfb-b8fe-5f63-b32e-2701e285c76e,tg:lhsc:926_#1,e22_ProductionTechniques,1,kenmerken/lhtechaanvsc.lhtechtaddsc,xpa,artificial patina
561bfeea-d260-550e-bed8-7d3f23a43e8d,tg:lhsc:1124_#1,e22_ProductionTechniques,1,kenmerken/lhtechaanvsc.lhtechtaddsc,xpa,artificial patina
67192de2-0812-5ee2-9da3-f801d9502725,tg:lhsc:57_#1,e22_ProductionTechniques,1,kenmerken/lhtechaanvsc.lhtechtaddsc,xpa,artificial patina
acefac5a-463a-5b57-9ebc-82dad81b6b4e,tg:lhsc:1156_#1,e22_ProductionTechniques,1,kenmerken/lhtechaanvsc.lhtechtaddsc,xpa,artificial patina
69e662ea-6ea6-50b2-a442-2744fc78bfc2,tg:lhsc:1146_#1,e22_ProductionTechniques,1,kenmerken/lhtechaanvsc.lhtechtaddsc,xpa,artificial patina
5763b3ad-b212-5cbb-a3cb-68d0ae263b56,tg:lhsc:954_#1,e22_ProductionTechniques,1,kenmerken/lhtechaanvsc.lhtechtaddsc,xgs,artificial patina
8b67d90f-b61e-583a-ac7e-a55068e2223a,tg:lhsc:5749_#1,e22_ProductionTechniques,1,kenmerken/lhtechaanvsc.lhtechtaddsc,xgs,artificial patina
c628e41e-d730-588c-9a6a-b6badf2297de,tg:lhsc:698_#1,e22_ProductionTechniques,1,kenmerken/lhtechaanvsc.lhtechtaddsc,xpa,artificial patina
f6a51727-a020-54ce-8efe-05196b85fa53,tg:lhsc:1230_#1,e22_ProductionTechniques,1,kenmerken/lhtechaanvsc.lhtechtaddsc,xpa,artificial patina
a41ba376-9129-5d67-b956-dd6492bd8d08,tg:lhsc:688_#1,e22_ProductionTechniques,1,kenmerken/lhtechaanvsc.lhtechtaddsc,xpa,artificial patina
c5e9684a-b840-5324-9c41-87aa11314977,tg:lhsc:1220_#1,e22_ProductionTechniques,1,kenmerken/lhtechaanvsc.lhtechtaddsc,xpa,artificial patina
8a587de1-4ae6-5828-8840-b39997545306,tg:lhsc:895_#1,e22_ProductionTechniques,1,kenmerken/lhtechaanvsc.lhtechtaddsc,xpa,artificial patina
33b21f7c-e9c2-57b0-8b40-23d9ddb74f7c,tg:lhsc:749_#1,e22_ProductionTechniques,1,kenmerken/lhtechaanvsc.lhtechtaddsc,xpa,artificial patina
83d2e8d6-dfd5-5acc-b3d5-c78d9c66109f,tg:lhsc:1087_#1,e22_ProductionTechniques,1,kenmerken/lhtechaanvsc.lhtechtaddsc,xpa,artificial patina
e7e48f65-c1ee-5259-93f6-a4321b1047c3,tg:lhsc:419_#1,e22_ProductionTechniques,1,kenmerken/lhtechaanvsc.lhtechtaddsc,xgs,artificial patina
2a7f4e29-dab6-55fa-adce-d48ef72e9ec3,tg:lhsc:409_#1,e22_ProductionTechniques,1,kenmerken/lhtechaanvsc.lhtechtaddsc,xpa,artificial patina
2549abdf-8780-52c1-adda-d3cf87e9005d,tg:lhsc:9439_#1,e22_ProductionTechniques,1,kenmerken/lhtechaanvsc.lhtechtaddsc,xpa,artificial patina
55f106da-97e7-58d1-b317-ee3b09879a2d,tg:lhsc:962_#1,e22_ProductionTechniques,1,kenmerken/lhtechaanvsc.lhtechtaddsc,xpa,artificial patina
01048217-8059-57f6-ab97-5fabcd3ca690,tg:lhsc:1018_#1,e22_ProductionTechniques,1,kenmerken/lhtechaanvsc.lhtechtaddsc,xpa,artificial patina
d064c2b8-f7ee-5d96-b54e-2ef06e14c55e,tg:lhsc:1160_#1,e22_ProductionTechniques,1,kenmerken/lhtechaanvsc.lhtechtaddsc,xpa,artificial patina
ccd8980e-7723-53c2-9807-bcc0e96178a9,tg:lhsc:1735_#1,e22_ProductionTechniques,1,kenmerken/lhtechaanvsc.lhtechtaddsc,xgs,artificial patina
f901d52e-54ab-5483-bdae-31670ce476e0,tg:lhsc:910_#1,e22_ProductionTechniques,1,kenmerken/lhtechaanvsc.lhtechtaddsc,xpa,artificial patina
a8b04a48-bb76-51c4-be78-fa1881424826,tg:lhsc:868_#1,e22_ProductionTechniques,1,kenmerken/lhtechaanvsc.lhtechtaddsc,xpa,artificial patina
9ca9d69a-34e0-5644-ac5e-f3342c5ee225,tg:lhsc:1037_#1,e22_ProductionTechniques,1,kenmerken/lhtechaanvsc.lhtechtaddsc,xpa,artificial patina
e646ea46-5195-5186-b9ca-56f35609c87a,tg:lhsc:835_#1,e22_ProductionTechniques,1,kenmerken/lhtechaanvsc.lhtechtaddsc,xpa,artificial patina
ccc2687d-2c44-5cb7-9434-db0737435052,tg:lhsc:825_#1,e22_ProductionTechniques,1,kenmerken/lhtechaanvsc.lhtechtaddsc,xpa,artificial patina
719e5577-e422-5e42-9039-663282a1571d,tg:lhsc:681_#1,e22_ProductionTechniques,1,kenmerken/lhtechaanvsc.lhtechtaddsc,xpa,artificial patina
38bef773-907f-59ec-96d2-2d48990ac3bc,tg:lhsc:691_#1,e22_ProductionTechniques,1,kenmerken/lhtechaanvsc.lhtechtaddsc,xpa,artificial patina
036b9a14-24f2-5ad0-865d-902a5b24012d,tg:lhsc:7199_#1,e22_ProductionTechniques,1,kenmerken/lhtechaanvsc.lhtechtaddsc,xgs,artificial patina
af633197-6de4-5f94-b9b0-0852c35f605f,tg:lhsc:426_#1,e22_ProductionTechniques,1,kenmerken/lhtechaanvsc.lhtechtaddsc,xgs,artificial patina
652588a3-a3df-550f-aad7-019709132cb2,tg:lhsc:436_#1,e22_ProductionTechniques,1,kenmerken/lhtechaanvsc.lhtechtaddsc,xgs,artificial patina
48a64805-7fb3-555c-892e-afa5b99affd4,tg:lhsc:9416_#1,e22_ProductionTechniques,1,kenmerken/lhtechaanvsc.lhtechtaddsc,xpa,artificial patina
88b55874-860a-503f-a1c8-67cf99a5ed8e,tg:lhsc:9406_#1,e22_ProductionTechniques,1,kenmerken/lhtechaanvsc.lhtechtaddsc,xpa,artificial patina
ff71fa6e-d806-5960-9fc3-2cbd70b7082e,tg:lhsc:444_#1,e22_ProductionTechniques,1,kenmerken/lhtechaanvsc.lhtechtaddsc,xgs,artificial patina
618c9617-c943-5509-b3e9-01caa6b5addf,tg:lhsc:454_#1,e22_ProductionTechniques,1,kenmerken/lhtechaanvsc.lhtechtaddsc,xpa,artificial patina
4600dd6b-90be-57a1-af9a-22343eeb6bea,tg:lhsc:732_#1,e22_ProductionTechniques,1,kenmerken/lhtechaanvsc.lhtechtaddsc,xpa,artificial patina
5c0ba4c6-0e57-5a0c-835f-df720c4695d3,tg:lhsc:963_#1,e22_ProductionTechniques,1,kenmerken/lhtechaanvsc.lhtechtaddsc,xpa,artificial patina
ec4cde87-462f-5770-8550-57215e69ca60,tg:lhsc:408_#1,e22_ProductionTechniques,1,kenmerken/lhtechaanvsc.lhtechtaddsc,xgs,artificial patina
18cf00ca-489c-5bef-86df-62089e0b612e,tg:lhsc:418_#1,e22_ProductionTechniques,1,kenmerken/lhtechaanvsc.lhtechtaddsc,xpa,artificial patina
c0e925dd-c5e9-5685-b72b-5207b7df3c9b,tg:lhsc:1697_#1,e22_ProductionTechniques,1,kenmerken/lhtechaanvsc.lhtechtaddsc,xgs,artificial patina
f6155dc7-95dd-51b4-b2f5-d5f4e96e2c64,tg:lhsc:1103_#1,e22_ProductionTechniques,1,kenmerken/lhtechaanvsc.lhtechtaddsc,xpa,artificial patina
11ed8059-1618-5321-be9c-cdaf99a34126,tg:lhsc:869_#1,e22_ProductionTechniques,1,kenmerken/lhtechaanvsc.lhtechtaddsc,xpa,artificial patina
87e96982-50b7-5b6c-a8dc-b0cccda7dc68,tg:lhsc:751_#1,e22_ProductionTechniques,1,kenmerken/lhtechaanvsc.lhtechtaddsc,xpa,artificial patina
337b1828-2d14-57fe-aaa1-d98a178beb31,tg:lhsc:9407_#1,e22_ProductionTechniques,1,kenmerken/lhtechaanvsc.lhtechtaddsc,xgs,artificial patina
337b1828-2d14-57fe-aaa1-d98a178beb31,tg:lhsc:9407_#1,e22_ProductionTechniques,2,kenmerken/lhtechaanvsc.lhtechtaddsc,xpa,artificial patina
c94b7486-074a-5e57-8698-d547abbabc4f,tg:lhsc:437_#1,e22_ProductionTechniques,1,kenmerken/lhtechaanvsc.lhtechtaddsc,xgs,artificial patina
3e787cbe-b635-5935-bc28-c715ac182f73,tg:lhsc:427_#1,e22_ProductionTechniques,1,kenmerken/lhtechaanvsc.lhtechtaddsc,xgs,artificial patina
59b14eaa-bee9-5ca9-ba8a-edc4888767bc,tg:lhsc:9393_#1,e22_ProductionTechniques,1,kenmerken/lhtechaanvsc.lhtechtaddsc,xpa,artificial patina
5b23c5fe-40ba-5019-a185-6b970ccc0228,tg:lhsc:1228_#1,e22_ProductionTechniques,1,kenmerken/lhtechaanvsc.lhtechtaddsc,xpa,artificial patina
61a1b7fb-6d5e-5fde-81d1-0910863394df,tg:lhsc:5741_#1,e22_ProductionTechniques,1,kenmerken/lhtechaanvsc.lhtechtaddsc,xpa,artificial patina
61a1b7fb-6d5e-5fde-81d1-0910863394df,tg:lhsc:5741_#1,e22_ProductionTechniques,2,kenmerken/lhtechaanvsc.lhtechtaddsc,xpa,artificial patina
10cb0853-58f9-5d4f-b79e-110e64f24a65,tg:lhsc:834_#1,e22_ProductionTechniques,1,kenmerken/lhtechaanvsc.lhtechtaddsc,xpa,artificial patina
d61f148f-6028-5b37-98ca-4d4c05201eea,tg:lhsc:856_#1,e22_ProductionTechniques,1,kenmerken/lhtechaanvsc.lhtechtaddsc,xgs,artificial patina
552a879d-3273-5c01-b2d2-e2881c3b2b89,tg:lhsc:1054_#1,e22_ProductionTechniques,1,kenmerken/lhtechaanvsc.lhtechtaddsc,xpa,artificial patina
1c7ce39f-c577-549f-b948-78c00536111a,tg:lhsc:1611_#1,e22_ProductionTechniques,1,kenmerken/lhtechaanvsc.lhtechtaddsc,xgs,artificial patina
5afe4403-c304-5cc8-873c-a87e88c25cc1,tg:lhsc:455_#1,e22_ProductionTechniques,1,kenmerken/lhtechaanvsc.lhtechtaddsc,xgs,artificial patina
6108f2f9-40a0-50b6-9728-4de972aa9544,tg:lhsc:445_#1,e22_ProductionTechniques,1,kenmerken/lhtechaanvsc.lhtechtaddsc,xgs,artificial patina
9e2d3884-c0f5-53d9-995e-510c73748a13,tg:lhsc:987_#1,e22_ProductionTechniques,1,kenmerken/lhtechaanvsc.lhtechtaddsc,xgs,artificial patina
92c45049-c18a-5bbe-a1c1-54b8c4c893ec,tg:lhsc:997_#1,e22_ProductionTechniques,1,kenmerken/lhtechaanvsc.lhtechtaddsc,xpa,artificial patina
bdb3382f-b245-500e-a37c-604e27c01f1f,tg:lhsc:1062_#1,e22_ProductionTechniques,1,kenmerken/lhtechaanvsc.lhtechtaddsc,xpa,artificial patina
548e8e32-6d11-5145-ae3d-729347b6469c,tg:lhsc:1072_#1,e22_ProductionTechniques,1,kenmerken/lhtechaanvsc.lhtechtaddsc,xgs,artificial patina
1fc87348-66d0-5d10-b961-b3de096f45bd,tg:lhsc:860_#1,e22_ProductionTechniques,1,kenmerken/lhtechaanvsc.lhtechtaddsc,xpa,artificial patina
5ad068b5-2ee0-5930-9f75-ce906faa171a,tg:lhsc:5705_#1,e22_ProductionTechniques,1,kenmerken/lhtechaanvsc.lhtechtaddsc,xpa,artificial patina
e74eee6e-a1a3-5098-b35b-31b13498052e,tg:lhsc:908_#1,e22_ProductionTechniques,1,kenmerken/lhtechaanvsc.lhtechtaddsc,xpa,artificial patina
a307c096-26e3-5eb1-a94b-55bc049050a6,tg:lhsc:1314_#1,e22_ProductionTechniques,1,kenmerken/lhtechaanvsc.lhtechtaddsc,xpa,artificial patina
1bf41264-c652-5bfe-8e5a-a3c6a8db2c94,tg:lhsc:802_#1,e22_ProductionTechniques,1,kenmerken/lhtechaanvsc.lhtechtaddsc,xpa,artificial patina
d37712b6-8ac1-5f03-b3c8-ffaef0234ea1,tg:lhsc:812_#1,e22_ProductionTechniques,1,kenmerken/lhtechaanvsc.lhtechtaddsc,xpa,artificial patina
e3f5146d-4d9b-5034-acb0-d72c23c5c400,tg:lhsc:9421_#1,e22_ProductionTechniques,1,kenmerken/lhtechaanvsc.lhtechtaddsc,xgs,artificial patina
f9156071-66c5-51b8-87ee-216b22af153e,tg:lhsc:411_#1,e22_ProductionTechniques,1,kenmerken/lhtechaanvsc.lhtechtaddsc,xpa,artificial patina
03b16a21-5ce4-5d51-893e-fa24157bf991,tg:lhsc:777_#1,e22_ProductionTechniques,1,kenmerken/lhtechaanvsc.lhtechtaddsc,xgs,artificial patina
159a3f27-c22b-5fa0-a98b-f72df04a2849,tg:lhsc:767_#1,e22_ProductionTechniques,1,kenmerken/lhtechaanvsc.lhtechtaddsc,xpa,artificial patina
72218468-1a4b-5134-b1c2-dd57d3e50da0,tg:lhsc:927_#1,e22_ProductionTechniques,1,kenmerken/lhtechaanvsc.lhtechtaddsc,xpa,artificial patina
3cf47fb3-7003-517b-827b-ec0fd4251b71,tg:lhsc:793_#1,e22_ProductionTechniques,1,kenmerken/lhtechaanvsc.lhtechtaddsc,xgs,artificial patina
cb5b61e0-6ae4-5461-a92e-0386598d4117,tg:lhsc:1135_#1,e22_ProductionTechniques,1,kenmerken/lhtechaanvsc.lhtechtaddsc,xpa,artificial patina
7bf2ffe4-cf15-54e4-a8b2-6b4d49481546,tg:lhsc:894_#1,e22_ProductionTechniques,1,kenmerken/lhtechaanvsc.lhtechtaddsc,xpa,artificial patina
fa08489f-2ff3-5d62-90cd-4c97843fbb8a,tg:lhsc:1086_#1,e22_ProductionTechniques,1,kenmerken/lhtechaanvsc.lhtechtaddsc,xpa,artificial patina
b5408a4e-b9a2-536a-b7dc-5c301872ee0b,tg:lhsc:1157_#1,e22_ProductionTechniques,1,kenmerken/lhtechaanvsc.lhtechtaddsc,xpa,artificial patina
a8d5b3ea-fa59-5764-82db-e8cc3993ab80,tg:lhsc:1221_#1,e22_ProductionTechniques,1,kenmerken/lhtechaanvsc.lhtechtaddsc,xpa,artificial patina
ee2fd518-b87c-5b86-8fa3-a6591b954c26,tg:lhsc:1359_#1,e22_ProductionTechniques,1,kenmerken/lhtechaanvsc.lhtechtaddsc,xpa,artificial patina
891aec6b-c010-5b08-bf43-ab44b8602f7a,tg:lhsc:5748_#1,e22_ProductionTechniques,1,kenmerken/lhtechaanvsc.lhtechtaddsc,xgs,artificial patina
891aec6b-c010-5b08-bf43-ab44b8602f7a,tg:lhsc:5748_#1,e22_ProductionTechniques,2,kenmerken/lhtechaanvsc.lhtechtaddsc,xpa,artificial patina
aa4802cb-1f11-5ae9-bc60-1c0894e854f4,tg:lhsc:955_#1,e22_ProductionTechniques,1,kenmerken/lhtechaanvsc.lhtechtaddsc,xpa,artificial patina
